image url,date taken,image size,dimensions,extension,location,account,description,date accessed
https://images.ala.org.au/store/b/6/3/4/550336c0-b8fc-43cc-895e-a1b09deb436b/original,2020-06-28,NA,NA,NA,"long: 148.8812145218, lat: -23.5705303985",thenakedenviro,NA,2021-04-07 13:20:29
https://images.ala.org.au/store/c/1/4/3/13002759-816e-4ba7-8b05-138f36c2341c/original,2019-06-29,NA,NA,NA,"long: 153.0, lat: -26.7",NA,NA,2021-04-07 13:20:29
https://images.ala.org.au/store/1/5/d/3/4f716673-27b8-44b7-b9c9-64b9aa573d51/original,2018-06-23,NA,NA,NA,"long: 153.0, lat: -27.5",NA,NA,2021-04-07 13:20:29
https://images.ala.org.au/store/c/e/7/e/0327eaed-17de-4501-bd75-a6dee164e7ec/original,2019-06-27,NA,NA,NA,"long: 152.4, lat: -26.6",NA,NA,2021-04-07 13:20:29
https://images.ala.org.au/store/3/6/9/3/51239099-c8bd-4778-a2c3-97a87c053963/original,2020-06-28,NA,NA,NA,"long: 152.8209292439, lat: -27.5122834079",purpleflowers,NA,2021-04-07 13:20:29
https://images.ala.org.au/store/7/6/e/d/f73a08ff-a3a8-4ae1-8adb-909ef263de67/original,2016-06-13,NA,NA,NA,"long: 148.959991, lat: -20.349665",r_shofner,NA,2021-04-07 13:20:29
https://images.ala.org.au/store/e/6/8/7/1d2eac7a-4d3d-4b78-a171-ad6955ce786e/original,2018-06-06,NA,NA,NA,"long: 150.8, lat: -23.7",NA,NA,2021-04-07 13:20:29
https://images.ala.org.au/store/8/8/d/7/1de1487c-f48e-4e9d-b398-b3743ae17d88/original,2019-06-24,NA,NA,NA,"long: 145.6952819824, lat: -16.9061107635",britzce,NA,2021-04-07 13:20:29
https://images.ala.org.au/store/3/d/1/4/4dd8140f-3c2b-461b-8331-7723b60b41d3/original,2016-06-22,NA,NA,NA,"long: 153.3, lat: -28.0",NA,NA,2021-04-07 13:20:29
https://images.ala.org.au/store/e/4/f/6/321530c7-7d4b-403b-802a-1b22c2b66f4e/original,2020-06-06,NA,NA,NA,"long: 148.779532, lat: -20.903548",aussiecreature,NA,2021-04-07 13:20:29
https://images.ala.org.au/store/6/c/7/a/2dd510a5-5ca5-406f-b95d-f93df5a0a7c6/original,2014-06-05,NA,NA,NA,"long: 151.2071075439453, lat: -33.869998931884766",8897,NA,2021-04-07 13:20:29
https://images.ala.org.au/store/2/3/8/4/85351e7e-3a32-4aea-a336-a4e361c84832/original,2012-06-13,NA,NA,NA,"long: 131.5949139, lat: -12.8605835",zhelicarol,NA,2021-04-07 13:20:29
https://images.ala.org.au/store/0/e/d/9/6d0ec21d-da68-40c1-aa36-6bf76d0b9de0/original,2020-06-15,NA,NA,NA,"long: 145.6, lat: -16.8",NA,NA,2021-04-07 13:20:29
https://images.ala.org.au/store/d/d/e/b/aea3e342-966f-412c-b563-94a48be4bedd/original,2011-06-24,NA,NA,NA,"long: 152.8963215, lat: -26.9857089",lrussoutk,NA,2021-04-07 13:20:29
https://images.ala.org.au/store/c/9/1/c/23b65d73-b6ca-43f5-8ecb-852fc18ac19c/original,2020-06-14,NA,NA,NA,"long: 146.7800573248, lat: -19.2636295829",havanah,NA,2021-04-07 13:20:29
https://images.ala.org.au/store/7/b/c/8/09068049-1339-41a2-9fd3-daed3c2d8cb7/original,2019-06-07,NA,NA,NA,"long: 152.468995, lat: -26.1269333333",allanlugg,NA,2021-04-07 13:20:29
https://images.ala.org.au/store/3/7/d/6/dccb1e7f-321a-4ecd-988e-a434a0ce6d73/original,2020-06-21,NA,NA,NA,"long: 152.882515618, lat: -27.4619438048",aming0412,NA,2021-04-07 13:20:29
https://images.ala.org.au/store/3/0/a/9/5af22be3-4352-4345-ad29-9d54532e9a03/original,2017-06-09,NA,NA,NA,"long: 153.0, lat: -27.4",NA,NA,2021-04-07 13:20:29
https://images.ala.org.au/store/6/a/b/f/aac82794-2fb6-4818-9b2e-c966d9cbfba6/original,2009-06-30,NA,NA,NA,"long: 153.0160032688, lat: -26.3108544474",substanz,NA,2021-04-07 13:20:29
https://images.ala.org.au/store/e/b/c/b/ec72345a-0ce5-4a7d-b810-80abcb1abcbe/original,2017-06-01,NA,NA,NA,"long: 146.2, lat: -18.5",NA,NA,2021-04-07 13:20:29
https://images.ala.org.au/store/4/8/7/1/3d47fabe-f16c-4fca-8507-ee86c5461784/original,2019-06-25,NA,NA,NA,"long: 177.4, lat: -17.8",NA,NA,2021-04-07 13:20:29
https://images.ala.org.au/store/3/0/1/0/14d45fd8-ac7e-4251-9a9b-d5fef14f0103/original,2017-06-21,NA,NA,NA,"long: 153.0, lat: -27.5",NA,NA,2021-04-07 13:20:29
https://images.ala.org.au/store/3/0/6/a/6da77d10-23bc-4370-89b1-5a4cd165a603/original,2020-06-13,NA,NA,NA,"long: 152.9, lat: -26.7",NA,NA,2021-04-07 13:20:29
https://images.ala.org.au/store/1/e/3/2/338ad4ae-10a6-4ea9-85ca-5723551f23e1/original,2017-06-11,NA,NA,NA,"long: 153.1, lat: -27.8",NA,NA,2021-04-07 13:20:29
https://images.ala.org.au/store/a/7/2/5/04574d49-77df-462d-a8d2-1d043d15527a/original,2018-06-21,NA,NA,NA,"long: 146.761723, lat: -19.33182",shehauck,NA,2021-04-07 13:20:29
https://images.ala.org.au/store/6/4/9/d/7e3efa1c-f630-4e6c-9d41-d9c79911d946/original,2008-06-30,NA,NA,NA,"long: 153.1270966949, lat: -25.5097100196",matthew_connors,NA,2021-04-07 13:20:29
https://images.ala.org.au/store/c/f/2/5/10f3e4f5-86b5-4876-aa28-776f2a1352fc/original,2018-06-21,NA,NA,NA,"long: 132.8251190186, lat: -12.668504715",colintrainor,NA,2021-04-07 13:20:29
https://images.ala.org.au/store/4/a/c/a/1c211028-9358-46da-b17e-16d904e2aca4/original,2014-06-05,NA,NA,NA,"long: 151.2071075439453, lat: -33.869998931884766",8897,NA,2021-04-07 13:20:29
https://images.ala.org.au/store/5/0/1/1/49466dc5-e480-47d2-9f03-0c7f90b61105/original,2019-06-09,NA,NA,NA,"long: 145.5474966543, lat: -16.7985365989",edward137,NA,2021-04-07 13:20:29
https://images.ala.org.au/store/a/8/3/5/ce56fe38-78fb-431d-bfc8-1d2747fe538a/original,2019-06-20,NA,NA,NA,"long: 130.8365936294, lat: -12.4489426507",jorgejuanrueda,NA,2021-04-07 13:20:29
https://images.ala.org.au/store/d/2/9/2/91a5983b-9b2c-47fe-a440-f6ed1e99292d/original,2019-06-07,NA,NA,NA,"long: 121.1, lat: 14.6",NA,NA,2021-04-07 13:20:29
https://images.ala.org.au/store/7/b/9/b/134afab2-5350-4966-8c53-6e5b7d8ab9b7/original,2020-06-23,NA,NA,NA,"long: 153.2551946864, lat: -29.3350204658",cesdamess,NA,2021-04-07 13:20:29
https://images.ala.org.au/store/2/4/2/e/7381b6e1-c1c7-4b0a-8da9-04a0d35be242/original,2019-06-09,NA,NA,NA,"long: 145.5479993856, lat: -16.7988728129",edward137,NA,2021-04-07 13:20:29
https://images.ala.org.au/store/8/b/5/9/219c938d-e25d-4335-8951-34ae7c8c95b8/original,2019-06-15,NA,NA,NA,"long: 153.5687116667, lat: -28.32982",wingspanner,NA,2021-04-07 13:20:29
https://images.ala.org.au/store/3/7/b/f/084b5f11-1285-46ff-99e8-b32e29f2fb73/original,2016-06-26,NA,NA,NA,"long: 148.6823881352, lat: -20.2903832462",manderson80,NA,2021-04-07 13:20:29
https://images.ala.org.au/store/2/f/f/5/7a3b4f07-929b-4faa-96ea-b2f22d2e5ff2/original,2019-06-15,NA,NA,NA,"long: 145.4158385725, lat: -16.2797435981",mangrovewatch,NA,2021-04-07 13:20:29
https://images.ala.org.au/store/f/b/3/8/d648a866-4746-46f4-ba2c-ab66b84d83bf/original,2019-06-23,NA,NA,NA,"long: 177.4, lat: -17.8",NA,NA,2021-04-07 13:20:29
https://images.ala.org.au/store/a/f/1/d/f1e72c3b-6e48-4dc2-ac1e-2cb58c32d1fa/original,2020-06-06,NA,NA,NA,"long: 148.779532, lat: -20.903548",aussiecreature,NA,2021-04-07 13:20:29
https://images.ala.org.au/store/9/1/c/c/fd9108d9-08d7-4774-8e9e-54ccbaf0cc19/original,2019-04-22,NA,NA,NA,"long: 146.7806401021, lat: -19.2987872091",malcolm_in_townsville,NA,2021-04-07 13:20:29
https://images.ala.org.au/store/5/4/6/b/e727814b-ffb3-4b37-812e-465d5cdfb645/original,2020-04-27,NA,NA,NA,"long: 152.9250709003, lat: -26.5990094141",rosiebenz,NA,2021-04-07 13:20:29
https://images.ala.org.au/store/3/6/c/7/8f826a70-c082-4436-a921-0348d02a7c63/original,2012-04-05,NA,NA,NA,"long: 145.6301138889, lat: -17.74545",helgawied,NA,2021-04-07 13:20:29
https://images.ala.org.au/store/0/3/b/d/d85b4070-1bc7-433d-9191-5abdfc80db30/original,2012-04-07,NA,NA,NA,"long: 153.1325243, lat: -25.2398229",adamfromcanada,NA,2021-04-07 13:20:29
https://images.ala.org.au/store/0/1/9/f/5c48cc82-53be-4195-94ef-c3c3f3fcf910/original,2016-04-01,NA,NA,NA,"long: 153.542668, lat: -28.731024",r_shofner,NA,2021-04-07 13:20:29
https://images.ala.org.au/store/b/3/8/6/048858f9-8494-4195-94ca-beaac8a9683b/original,2018-04-09,NA,NA,NA,"long: 152.8011283333, lat: -26.7557316667",david-beukes,NA,2021-04-07 13:20:29
https://images.ala.org.au/store/6/8/2/a/055100ef-82b7-41f2-91ae-bcadb674a286/original,2019-04-14,NA,NA,NA,"long: 145.765816242, lat: -16.9215024586",sanjoaquinserpents,NA,2021-04-07 13:20:29
https://images.ala.org.au/store/5/a/4/f/52d519bb-8aa9-43e2-a9d0-2e31406cf4a5/original,2020-04-19,NA,NA,NA,"long: 153.254945, lat: -28.11129167",boogan_boy,NA,2021-04-07 13:20:29
https://images.ala.org.au/store/0/8/d/6/30d662b2-2181-4953-a52f-e4a7c6486d80/original,2019-04-25,NA,NA,NA,"long: 145.7001051581, lat: -16.8318566414",joelp,NA,2021-04-07 13:20:29
https://images.ala.org.au/store/b/4/d/9/8e48ea5f-1383-4fdc-9b87-a21aadf99d4b/original,2020-04-23,NA,NA,NA,"long: 152.8663054917, lat: -27.5457188077",purpleflowers,NA,2021-04-07 13:20:29
https://images.ala.org.au/store/6/5/6/7/d1d67da6-fb3e-40dc-9816-0d6810247656/original,2008-04-20,NA,NA,NA,"long: 129.266235, lat: -15.982453",NA,NA,2021-04-07 13:20:29
https://images.ala.org.au/store/b/c/b/0/d9b1e9d6-0074-4833-957f-2cccfc4c0bcb/original,2013-04-16,NA,NA,NA,"long: 152.4598394444, lat: -28.0620230556",reiner,NA,2021-04-07 13:20:29
https://images.ala.org.au/store/3/1/2/e/1a4586e7-6fb2-4aa9-a094-cba40e40e213/original,2020-04-02,NA,NA,NA,"long: 152.7, lat: -27.5",NA,NA,2021-04-07 13:20:29
https://images.ala.org.au/store/3/b/d/c/491e2d37-d320-47bd-a2b1-c49aa439cdb3/original,2020-04-25,NA,NA,NA,"long: 152.4, lat: -24.9",NA,NA,2021-04-07 13:20:29
https://images.ala.org.au/store/a/e/f/4/557d9cc3-c738-4cd6-a16a-55988dfb4fea/original,2016-04-23,NA,NA,NA,"long: 145.65664, lat: -17.76024",arthur_chapman,NA,2021-04-07 13:20:29
https://images.ala.org.au/store/0/0/e/7/39a02343-93c7-4d5b-b740-1f9e71137e00/original,2018-04-01,NA,NA,NA,"long: 144.5295464278, lat: -17.1467858124",matthew_connors,NA,2021-04-07 13:20:29
https://images.ala.org.au/store/2/2/b/4/9022db99-d653-4768-a3ae-1fb26ded4b22/original,2016-04-01,NA,NA,NA,"long: 153.543798, lat: -28.731348",r_shofner,NA,2021-04-07 13:20:29
https://images.ala.org.au/store/f/f/a/f/195cf415-02ef-4190-bd9e-fe1dc8f5faff/original,2012-04-07,NA,NA,NA,"long: 145.630283429, lat: -17.7453683329",helgawied,NA,2021-04-07 13:20:29
https://images.ala.org.au/store/e/f/2/9/0174a124-7dd3-428f-90e5-0bcf6aa492fe/original,2020-04-23,NA,NA,NA,"long: 152.9651438993, lat: -27.5558061853",purpleflowers,NA,2021-04-07 13:20:29
https://images.ala.org.au/store/6/8/6/0/b8732613-9c78-4161-b640-678969a90686/original,2016-04-01,NA,NA,NA,"long: 153.540504, lat: -28.72932",r_shofner,NA,2021-04-07 13:20:29
https://images.ala.org.au/store/f/8/f/8/29ae20d2-00b6-4496-baf3-e56b477a8f8f/original,2020-04-27,NA,NA,NA,"long: 153.0622555, lat: -27.44786667",angelawright,NA,2021-04-07 13:20:29
https://images.ala.org.au/store/8/a/e/4/b3bbc5d7-c4ad-4800-a9cc-c6eabbca4ea8/original,2020-04-27,NA,NA,NA,"long: 145.5, lat: -16.6",NA,NA,2021-04-07 13:20:29
https://images.ala.org.au/store/c/f/b/0/4150457c-9aef-4251-87a2-60f5a36d0bfc/original,2020-04-01,NA,NA,NA,"long: 152.6877066, lat: -25.2561657",charsy,NA,2021-04-07 13:20:29
https://images.ala.org.au/store/e/0/f/8/518688ba-06c8-4048-b1a0-f7b30dd38f0e/original,2018-04-01,NA,NA,NA,"long: 153.0634844, lat: -27.3161935",andrew_allen,NA,2021-04-07 13:20:29
https://images.ala.org.au/store/5/6/a/0/499bc081-107c-494c-b35e-bc725ec90a65/original,2018-04-01,NA,NA,NA,"long: 153.0634844, lat: -27.3161935",andrew_allen,NA,2021-04-07 13:20:29
https://images.ala.org.au/store/2/b/4/9/5d0a9aae-ad51-4ee2-b43d-e7d7c2c194b2/original,2013-04-04,NA,NA,NA,"long: 145.5414386164, lat: -17.0529923559",reiner,NA,2021-04-07 13:20:29
https://images.ala.org.au/store/b/b/6/6/e097a23b-8c0f-4d1a-8579-114ccf6f66bb/original,2020-04-21,NA,NA,NA,"long: 152.9155555556, lat: -30.2205555556",j_sinc,NA,2021-04-07 13:20:29
https://images.ala.org.au/store/6/0/1/0/961cd9d0-38f6-4600-99a3-d57809650106/original,2020-04-22,NA,NA,NA,"long: 126.1097222222, lat: -17.5133333333",ellyne,NA,2021-04-07 13:20:29
https://images.ala.org.au/store/f/d/9/5/be4e6f43-4b06-484b-b713-f9b4014059df/original,2018-04-05,NA,NA,NA,"long: 149.3, lat: -26.7",NA,NA,2021-04-07 13:20:29
https://images.ala.org.au/store/b/f/7/a/63b4590f-1b08-4851-acd6-e99ee999a7fb/original,2016-04-19,NA,NA,NA,"long: 144.4662, lat: -20.3515",NA,NA,2021-04-07 13:20:29
https://images.ala.org.au/store/9/4/4/c/23c6a91a-2b52-4019-815a-1f51e26bc449/original,2016-04-28,NA,NA,NA,"long: 139.2668, lat: -18.24195",NA,NA,2021-04-07 13:20:29
https://images.ala.org.au/store/1/f/a/a/957cb312-a85a-423e-a223-9102f7e8aaf1/original,2020-04-06,NA,NA,NA,"long: 152.88907, lat: -26.651425",katemcwill,NA,2021-04-07 13:20:29
https://images.ala.org.au/store/6/1/8/1/9b30cc8e-1f0e-4c56-af44-954f6fd11816/original,2020-04-05,NA,NA,NA,"long: 153.1320763317, lat: -27.4896185986",cubesy,NA,2021-04-07 13:20:29
https://images.ala.org.au/store/a/d/4/1/faf2b7d5-b2bd-4a5d-acdc-d3fe6b5a14da/original,2016-04-01,NA,NA,NA,"long: 153.540875, lat: -28.728813",r_shofner,NA,2021-04-07 13:20:29
https://images.ala.org.au/store/3/0/1/d/6dcd527a-52d6-429d-b8b3-2d968f03d103/original,2008-04-10,NA,NA,NA,"long: 145.3191958183, lat: -16.4615646967",craigtheautotroph,NA,2021-04-07 13:20:29
https://images.ala.org.au/store/9/d/0/4/512a1326-aee2-407e-badd-370e6aa740d9/original,2018-04-05,NA,NA,NA,"long: 125.6, lat: 7.1",NA,NA,2021-04-07 13:20:29
https://images.ala.org.au/store/8/6/8/a/24b58393-7a45-44c1-b26d-694d4285a868/original,2016-04-01,NA,NA,NA,"long: 153.540425, lat: -28.729323",r_shofner,NA,2021-04-07 13:20:29
https://images.ala.org.au/store/e/5/a/e/0b04e833-a9c6-4aa7-a708-407e5a9bea5e/original,2020-04-14,NA,NA,NA,"long: 153.3, lat: -27.6",NA,NA,2021-04-07 13:20:29
https://images.ala.org.au/store/5/4/e/f/a5082cca-11cd-4344-a07a-50ba1cccfe45/original,2017-04-12,NA,NA,NA,"long: 145.308008194, lat: -16.274541091",tylerh,NA,2021-04-07 13:20:29
https://images.ala.org.au/store/b/6/1/5/0292dc14-7cf6-4672-83ac-c4e8d081516b/original,2020-04-02,NA,NA,NA,"long: 130.8, lat: -12.4",NA,NA,2021-04-07 13:20:29
https://images.ala.org.au/store/8/a/e/a/4ff2932e-8931-4fe7-8a1b-a96cfaf1aea8/original,2021-04-03,NA,NA,NA,"long: 153.176111, lat: -29.398333",redneck_wannaby,NA,2021-04-07 13:20:29
https://images.ala.org.au/store/f/a/6/4/e3313b51-1243-42ff-b6be-2418cc0346af/original,2020-04-30,NA,NA,NA,"long: 145.6, lat: -16.8",NA,NA,2021-04-07 13:20:29
https://images.ala.org.au/store/a/4/4/9/68748b68-61a1-4144-8ff7-71fe9179944a/original,2020-04-25,NA,NA,NA,"long: 153.0, lat: -27.5",NA,NA,2021-04-07 13:20:29
https://images.ala.org.au/store/f/c/b/4/dc43ffaa-6440-4c20-9879-ab5f7d634bcf/original,2020-04-03,NA,NA,NA,"long: 153.39397, lat: -28.723117",fimfin,NA,2021-04-07 13:20:29
https://images.ala.org.au/store/7/c/f/e/dd83b975-3f55-4fc3-b91d-02ddd2beefc7/original,2020-04-19,NA,NA,NA,"long: 145.5, lat: -17.4",NA,NA,2021-04-07 13:20:29
https://images.ala.org.au/store/e/e/a/2/5098e7ab-f6ed-48b1-be80-aea01ecc2aee/original,2020-04-15,NA,NA,NA,"long: 151.1965777778, lat: -24.0034527778",teale_britstra,NA,2021-04-07 13:20:29
https://images.ala.org.au/store/d/5/5/1/26c2529a-f55c-4ee8-9fb9-80992070155d/original,2018-04-02,NA,NA,NA,"long: 153.2, lat: -27.5",NA,NA,2021-04-07 13:20:29
https://images.ala.org.au/store/3/1/d/3/1ba3b8bc-1c36-4d6c-92ac-461715053d13/original,2020-04-24,NA,NA,NA,"long: 153.3741449, lat: -28.2574504",sarahcobbaus,NA,2021-04-07 13:20:29
https://images.ala.org.au/store/2/6/5/9/25f31cbc-db4c-4859-b7cf-82e9531c9562/original,2016-04-28,NA,NA,NA,"long: 139.2668, lat: -18.24195",NA,NA,2021-04-07 13:20:29
https://images.ala.org.au/store/6/d/c/e/a9290d1c-f73d-46d1-979e-680bbb33ecd6/original,2020-04-13,NA,NA,NA,"long: 153.0, lat: -27.4",NA,NA,2021-04-07 13:20:29
https://images.ala.org.au/store/0/2/6/7/712efe24-87cb-4738-b711-be8d892e7620/original,2012-04-07,NA,NA,NA,"long: 145.6301790889, lat: -17.7452291339",helgawied,NA,2021-04-07 13:20:29
https://images.ala.org.au/store/2/2/5/e/24ed125e-4e99-49ee-bfcc-f449cadfe522/original,2020-04-23,NA,NA,NA,"long: 126.1110748351, lat: -17.5282458391",ellyne,NA,2021-04-07 13:20:29
https://images.ala.org.au/store/f/7/a/1/0d4e61f8-9624-4672-b14e-ee3d60871a7f/original,2016-04-01,NA,NA,NA,"long: 153.540957, lat: -28.728593",r_shofner,NA,2021-04-07 13:20:29
https://images.ala.org.au/store/b/4/5/7/545eaf8a-ba39-46f5-b208-00dfa0f1754b/original,2020-04-30,NA,NA,NA,"long: 153.5684545092, lat: -28.3299700023",wingspanner,NA,2021-04-07 13:20:29
https://images.ala.org.au/store/2/c/5/7/116566c1-3dd2-4d0a-bc73-d5865eef75c2/original,2019-04-20,NA,NA,NA,"long: 153.0, lat: -27.5",NA,NA,2021-04-07 13:20:29
https://images.ala.org.au/store/a/5/b/7/80332432-a8f1-4441-bd9b-433ccf2b7b5a/original,2017-04-19,NA,NA,NA,"long: 145.533222846, lat: -17.3004720836",sitszasadam,NA,2021-04-07 13:20:29
https://images.ala.org.au/store/1/3/e/f/c94bd593-19cc-4dc6-9055-28ad1193fe31/original,2020-04-25,NA,NA,NA,"long: 153.1318331, lat: -27.4898413",cubesy,NA,2021-04-07 13:20:29
https://images.ala.org.au/store/a/c/9/4/f72cef47-1157-49bc-921c-864629f649ca/original,2016-04-28,NA,NA,NA,"long: 139.2668, lat: -18.24195",NA,NA,2021-04-07 13:20:29
https://images.ala.org.au/store/f/d/5/1/062262d7-fc23-4fbe-a30b-c55f744915df/original,2018-04-30,NA,NA,NA,"long: 147.9, lat: -25.1",NA,NA,2021-04-07 13:20:29
https://images.ala.org.au/store/5/e/2/2/943e7767-9b66-4204-b455-6207ef2922e5/original,2013-04-13,NA,NA,NA,"long: 145.796093616, lat: -17.4078691997",jmugleston,NA,2021-04-07 13:20:29
https://images.ala.org.au/store/3/1/a/8/763dd337-8b3f-4d77-988d-aebc9dc28a13/original,2020-04-23,NA,NA,NA,"long: 152.5, lat: -24.9",NA,NA,2021-04-07 13:20:29
https://images.ala.org.au/store/f/9/c/4/aa3d890e-8fa5-450b-a3c6-65836a904c9f/original,2020-04-30,NA,NA,NA,"long: 149.2, lat: -21.3",NA,NA,2021-04-07 13:20:29
https://images.ala.org.au/store/4/2/4/1/c51328b1-2f03-492d-8978-a9c1668b1424/original,2017-04-14,NA,NA,NA,"long: 145.7484051443, lat: -16.9027222434",NA,NA,2021-04-07 13:20:29
https://images.ala.org.au/store/f/e/9/f/90096641-d136-4c56-ba61-6267d98ef9ef/original,2016-04-19,NA,NA,NA,"long: 144.4662, lat: -20.3515",NA,NA,2021-04-07 13:20:29
https://images.ala.org.au/store/a/d/1/7/0c4a27be-1dfb-443e-bafd-549c44e871da/original,2020-04-11,NA,NA,NA,"long: 153.0, lat: -26.7",NA,NA,2021-04-07 13:20:29
https://images.ala.org.au/store/f/3/9/3/ef65dcf2-261d-404b-b75e-c234de34393f/original,2016-04-23,NA,NA,NA,"long: 145.65664, lat: -17.76024",NA,NA,2021-04-07 13:20:29
https://images.ala.org.au/store/8/b/d/5/385ec6c2-f5cf-4729-9191-a1030b225db8/original,2020-04-04,NA,NA,NA,"long: 153.5617166667, lat: -28.3261166667",wingspanner,NA,2021-04-07 13:20:29
https://images.ala.org.au/store/d/2/8/7/5bbac7a8-8083-4623-aca5-2dff948d782d/original,2020-04-24,NA,NA,NA,"long: 152.4, lat: -24.9",NA,NA,2021-04-07 13:20:29
https://images.ala.org.au/store/1/0/d/1/5f9ba7f9-2cf0-4951-bc6f-8adc2b2e1d01/original,2019-04-23,NA,NA,NA,"long: 153.4, lat: -28.1",NA,NA,2021-04-07 13:20:29
https://images.ala.org.au/store/a/e/4/a/8e7f18c7-2b97-4ad4-b809-8cd97ce2a4ea/original,2016-04-23,NA,NA,NA,"long: 145.65664, lat: -17.76024",NA,NA,2021-04-07 13:20:29
https://images.ala.org.au/store/7/8/e/1/ea42f5dc-43f5-4af7-9ef5-cc5539211e87/original,2016-04-01,NA,NA,NA,"long: 153.544666, lat: -28.731158",r_shofner,NA,2021-04-07 13:20:29
https://images.ala.org.au/store/6/4/b/4/95d6ea3c-3ea9-4d88-9e64-7716f0024b46/original,2013-04-09,NA,NA,NA,"long: 146.2540119444, lat: -18.9784783333",reiner,NA,2021-04-07 13:20:29
https://images.ala.org.au/store/4/9/2/6/ef3b3cc7-3a45-42ce-b685-2b477a6d6294/original,2013-04-11,NA,NA,NA,"long: 151.0218475, lat: -24.7342275",reiner,NA,2021-04-07 13:20:29
https://images.ala.org.au/store/4/7/4/b/36007e88-b31f-4258-826d-23638ef3b474/original,2020-04-18,NA,NA,NA,"long: 153.3, lat: -28.0",NA,NA,2021-04-07 13:20:29
https://images.ala.org.au/store/c/4/3/d/4f086801-73ef-460e-baa2-1a5d8a15d34c/original,2020-04-30,NA,NA,NA,"long: 153.1, lat: -27.6",NA,NA,2021-04-07 13:20:29
https://images.ala.org.au/store/c/3/0/3/1c91b54c-091f-4dc7-8f52-4c57488b303c/original,2012-04-21,NA,NA,NA,"long: 150.9828516667, lat: -24.6524830556",reiner,NA,2021-04-07 13:20:29
https://images.ala.org.au/store/5/d/1/f/0a8986ea-8cb7-4a53-9ed4-9f7aaba8f1d5/original,2021-04-03,NA,NA,NA,"long: 130.8956499722, lat: -12.3308879722",donna165,NA,2021-04-07 13:20:29
https://images.ala.org.au/store/e/3/8/6/fcaea96c-7be5-484a-a637-5cccf05f683e/original,2012-04-19,NA,NA,NA,"long: 148.4575653076172, lat: -24.992279052734375",1370,NA,2021-04-07 13:20:29
https://images.ala.org.au/store/1/8/7/7/834c27d8-b89a-4e35-b4d4-8179f3d37781/original,2012-04-20,NA,NA,NA,"long: 148.2404159797, lat: -25.0642321931",reiner,NA,2021-04-07 13:20:29
https://images.ala.org.au/store/d/2/e/e/ba0e914b-cc69-4429-b16d-24d8de53ee2d/original,2018-04-21,NA,NA,NA,"long: 146.9521847682, lat: -19.4403975949",matthew_connors,NA,2021-04-07 13:20:29
https://images.ala.org.au/store/f/5/0/6/9b241e41-689c-4f93-b7fc-1775bee5605f/original,2013-04-11,NA,NA,NA,"long: 150.9966513995, lat: -24.7089395553",reiner,NA,2021-04-07 13:20:29
https://images.ala.org.au/store/f/9/3/a/07d1105b-a12d-4801-a389-eb01c0caa39f/original,2020-04-27,NA,NA,NA,"long: 153.0902777778, lat: -26.7005555556",natureiscool123,NA,2021-04-07 13:20:29
https://images.ala.org.au/store/f/5/f/1/bd780eb8-212a-4d47-88da-001cac5d1f5f/original,2020-04-01,NA,NA,NA,"long: 152.8890586553, lat: -26.6512913956",katemcwill,NA,2021-04-07 13:20:29
https://images.ala.org.au/store/b/c/9/5/20f1a09a-3bc0-4054-b030-5685f8bc59cb/original,2012-04-05,NA,NA,NA,"long: 152.8, lat: -27.4",NA,NA,2021-04-07 13:20:29
https://images.ala.org.au/store/f/8/8/a/b4d3d1f5-87ee-42da-abdb-32239e66a88f/original,2017-04-14,NA,NA,NA,"long: 145.7484051442, lat: -16.9027222434",matthew_connors,NA,2021-04-07 13:20:29
https://images.ala.org.au/store/8/9/8/3/0b54eaaa-246e-49e6-93ed-684dbb3c3898/original,2016-04-01,NA,NA,NA,"long: 153.542985, lat: -28.730738",r_shofner,NA,2021-04-07 13:20:29
https://images.ala.org.au/store/f/a/0/2/29f435da-aed3-46be-91f0-3f684b3220af/original,2016-04-19,NA,NA,NA,"long: 153.1, lat: -27.5",NA,NA,2021-04-07 13:20:29
https://images.ala.org.au/store/0/a/d/9/58a7603e-d4a5-41bf-88a1-0da319ab9da0/original,2017-04-18,NA,NA,NA,"long: 145.7482874393, lat: -16.9024877351",tylerh,NA,2021-04-07 13:20:29
https://images.ala.org.au/store/b/2/e/d/a414a676-54ef-44eb-9c57-85845a01de2b/original,2013-04-07,NA,NA,NA,"long: 145.5128616667, lat: -16.8224761111",reiner,NA,2021-04-07 13:20:29
https://images.ala.org.au/store/a/1/c/a/373f1169-a9ed-4ccf-b851-4a481c3bac1a/original,2019-04-25,NA,NA,NA,"long: 152.2, lat: -24.9",NA,NA,2021-04-07 13:20:29
https://images.ala.org.au/store/6/1/d/b/64c801b7-3e22-45da-9a10-8d3c3b2bbd16/original,2020-04-29,NA,NA,NA,"long: 145.6, lat: -16.8",NA,NA,2021-04-07 13:20:29
https://images.ala.org.au/store/3/7/0/a/13ea10b8-518c-489b-a86d-14722ab3a073/original,2020-04-24,NA,NA,NA,"long: 152.8132771006, lat: -27.5720193726",purpleflowers,NA,2021-04-07 13:20:29
https://images.ala.org.au/store/8/7/9/e/1c0914d3-62e6-4006-8149-aef9fe56e978/original,2017-04-09,NA,NA,NA,"long: 153.0261366204, lat: -27.4959183288",newmantid,NA,2021-04-07 13:20:29
https://images.ala.org.au/store/2/2/0/3/3b72e99e-3d4b-4090-b2a0-c900ffba3022/original,2020-04-10,NA,NA,NA,"long: 153.0, lat: -27.5",NA,NA,2021-04-07 13:20:29
https://images.ala.org.au/store/3/f/c/a/9fd3886f-c395-48f1-8d8a-b6c86364acf3/original,2018-04-18,NA,NA,NA,"long: 150.3, lat: -24.5",NA,NA,2021-04-07 13:20:29
https://images.ala.org.au/store/b/e/9/b/9dec682a-87c9-4085-b6de-20e26452b9eb/original,2020-04-22,NA,NA,NA,"long: 145.7029558611, lat: -16.8296361667",apteryxrowi,NA,2021-04-07 13:20:29
https://images.ala.org.au/store/e/2/1/4/a37a257b-6583-4c4a-91db-8cdfd5f4412e/original,2018-08-23,NA,NA,NA,"long: 130.8641662598, lat: -12.3706245422",colintrainor,NA,2021-04-07 13:20:29
https://images.ala.org.au/store/6/f/6/f/7eaa11f3-5540-4309-bfe1-297dab44f6f6/original,2012-08-27,NA,NA,NA,"long: 145.4176021291, lat: -16.1382862223",tommasositzia,NA,2021-04-07 13:20:29
https://images.ala.org.au/store/8/4/7/c/8a9608ef-6a79-4e97-b3c5-8f03eee5c748/original,2016-08-14,NA,NA,NA,"long: 152.9, lat: -27.4",NA,NA,2021-04-07 13:20:29
https://images.ala.org.au/store/1/9/c/b/e81bcc0a-f2f6-4344-822b-b35af41ebc91/original,2018-08-19,NA,NA,NA,"long: 146.9471811111, lat: -19.4350438889",reiner,NA,2021-04-07 13:20:29
https://images.ala.org.au/store/d/4/0/8/232175d5-c569-4fc5-a8c8-2eae2143804d/original,2020-08-14,NA,NA,NA,"long: 153.1, lat: -27.7",NA,NA,2021-04-07 13:20:29
https://images.ala.org.au/store/7/b/0/5/392a69ea-4fec-4eda-99ea-bc44494650b7/original,2018-08-25,NA,NA,NA,"long: 146.1268516667, lat: -18.8652988889",reiner,NA,2021-04-07 13:20:29
https://images.ala.org.au/store/2/d/5/d/ead804ba-d63e-479a-8c53-af522780d5d2/original,2020-08-20,NA,NA,NA,"long: 153.2, lat: -27.5",NA,NA,2021-04-07 13:20:29
https://images.ala.org.au/store/8/f/0/7/3006b342-17bf-4cc3-a0af-1fcaae1a70f8/original,2020-08-30,NA,NA,NA,"long: 152.9661890119, lat: -27.3768516777",tuppsnz,NA,2021-04-07 13:20:29
https://images.ala.org.au/store/0/5/8/e/42117008-9631-4000-a313-0fc963dce850/original,2019-08-23,NA,NA,NA,"long: 147.706217207, lat: -19.8759892398",malaika_mc,NA,2021-04-07 13:20:29
https://images.ala.org.au/store/3/8/4/b/b2099413-5057-4921-b74e-24086e2db483/original,2019-08-29,NA,NA,NA,"long: 145.6122801291, lat: -17.7502446968",reiner,NA,2021-04-07 13:20:29
https://images.ala.org.au/store/c/f/1/c/792542b9-1f50-479c-9f1c-c610bbe4c1fc/original,2013-08-17,NA,NA,NA,"long: 153.050497, lat: -27.542397",sea-kangaroo,NA,2021-04-07 13:20:29
https://images.ala.org.au/store/a/9/4/e/f8755a61-db50-4492-b063-ec04ba6be49a/original,2018-08-23,NA,NA,NA,"long: 146.756507, lat: -19.327693",ravennmiranda,NA,2021-04-07 13:20:29
https://images.ala.org.au/store/5/8/0/4/068e19a3-fefb-483a-b20b-91add05d4085/original,2017-08-20,NA,NA,NA,"long: 146.762361, lat: -19.346561",matthew_connors,NA,2021-04-07 13:20:29
https://images.ala.org.au/store/0/4/1/e/ab966390-320f-4c10-ad08-161f3a39e140/original,2019-08-01,NA,NA,NA,"long: 144.4659186206, lat: -20.3501896897",reiner,NA,2021-04-07 13:20:29
https://images.ala.org.au/store/7/4/0/e/1a92b9b1-c279-4995-b129-23539897e047/original,2018-08-07,NA,NA,NA,"long: 151.2423663889, lat: -24.2130730556",reiner,NA,2021-04-07 13:20:29
https://images.ala.org.au/store/e/9/2/6/5d21a34b-b0a7-4d08-8100-5fe07716629e/original,2019-08-16,NA,NA,NA,"long: 153.1, lat: -27.4",NA,NA,2021-04-07 13:20:29
https://images.ala.org.au/store/3/e/7/e/02c633f2-7531-4231-a89d-fc400d1fe7e3/original,2015-08-16,NA,NA,NA,"long: 145.6379415051, lat: -16.8181201359",kjudge,NA,2021-04-07 13:20:29
https://images.ala.org.au/store/8/a/f/7/d18f483e-6399-4014-acb8-e88c58007fa8/original,2018-08-25,NA,NA,NA,"long: 145.6850016667, lat: -17.7986691667",reiner,NA,2021-04-07 13:20:29
https://images.ala.org.au/store/7/a/d/9/801f30d7-e4d1-458a-83f1-8b12fc639da7/original,2018-08-05,NA,NA,NA,"long: 145.8, lat: -17.1",NA,NA,2021-04-07 13:20:29
https://images.ala.org.au/store/9/6/d/c/d63c6dc0-1f17-491f-8ffd-3538d3f0cd69/original,2016-08-02,NA,NA,NA,"long: 153.3, lat: -28.0",NA,NA,2021-04-07 13:20:29
https://images.ala.org.au/store/c/d/7/c/22b06abd-4632-44e0-98d6-5b34a98fc7dc/original,2000-08-30,NA,NA,NA,"long: 138.3567807, lat: -17.4558167",npk,NA,2021-04-07 13:20:29
https://images.ala.org.au/store/f/7/4/b/e5ca0a08-0895-4eb8-bdc2-f1c5a0f0b47f/original,2020-08-08,NA,NA,NA,"long: 145.6350298226, lat: -17.2855183888",crispyduck,NA,2021-04-07 13:20:29
https://images.ala.org.au/store/d/c/d/a/05de87a9-3b1c-4784-8758-d9762084adcd/original,2020-08-08,NA,NA,NA,"long: 152.5, lat: -28.1",NA,NA,2021-04-07 13:20:29
https://images.ala.org.au/store/8/b/4/e/d86ae924-a739-45bc-942f-6093dad9e4b8/original,2020-08-06,NA,NA,NA,"long: 144.0756182956, lat: -14.7583136465",nawocnai,NA,2021-04-07 13:20:29
https://images.ala.org.au/store/3/5/0/4/6a2eb034-be6b-4261-888c-6b484c0c4053/original,2019-08-07,NA,NA,NA,"long: 152.6, lat: -27.1",NA,NA,2021-04-07 13:20:29
https://images.ala.org.au/store/4/d/5/3/d8306962-49a4-489f-8992-69df7b2035d4/original,2020-08-07,NA,NA,NA,"long: 138.5340466667, lat: -18.6858516667",gjn,NA,2021-04-07 13:20:29
https://images.ala.org.au/store/5/e/1/e/0fea71f6-79b1-4ff6-8aab-05bf64cde1e5/original,2012-08-19,NA,NA,NA,"long: 145.9440055556, lat: -18.4146888889",helgawied,NA,2021-04-07 13:20:29
https://images.ala.org.au/store/5/6/3/2/b0090835-9f4f-4427-aeec-38fd866a2365/original,2020-08-15,NA,NA,NA,"long: 153.3171970492, lat: -28.2222330105",hlnorth,NA,2021-04-07 13:20:29
https://images.ala.org.au/store/6/c/d/2/387b17c1-ec6a-4a05-8214-e764438c2dc6/original,2018-08-06,NA,NA,NA,"long: 151.2162044444, lat: -24.1578291667",reiner,NA,2021-04-07 13:20:29
https://images.ala.org.au/store/0/c/8/d/36fb217c-11a3-4fdb-b8c5-65b8f865d8c0/original,2015-08-02,NA,NA,NA,"long: 153.5, lat: -28.7",NA,NA,2021-04-07 13:20:29
https://images.ala.org.au/store/d/8/7/5/c256b2e0-9b2f-4458-8aa7-31f980ff578d/original,2019-08-28,NA,NA,NA,"long: 145.6505623182, lat: -17.7724945",reiner,NA,2021-04-07 13:20:29
https://images.ala.org.au/store/2/9/6/9/f1f3c120-ccf3-4155-8ddb-e4cb9b3a9692/original,2013-08-09,NA,NA,NA,"long: 153.592856, lat: -28.785308",sea-kangaroo,NA,2021-04-07 13:20:29
https://images.ala.org.au/store/b/8/a/0/d6ea9ad8-0293-4144-b40e-9087eb400a8b/original,2019-08-17,NA,NA,NA,"long: 145.0022447219, lat: -16.4996857838",reiner,NA,2021-04-07 13:20:29
https://images.ala.org.au/store/0/1/5/5/1f0e7a8c-8da2-4c50-98ae-04e171c55510/original,2020-08-07,NA,NA,NA,"long: 153.0181704218, lat: -26.7453199173",orlandob,NA,2021-04-07 13:20:29
https://images.ala.org.au/store/a/e/6/b/989e3dc6-873d-4c77-b1a0-2241eea4b6ea/original,2020-08-13,NA,NA,NA,"long: 149.6559784163, lat: -25.4858298836",pamday4,NA,2021-04-07 13:20:29
https://images.ala.org.au/store/2/6/2/4/b299b17a-0044-403d-b81a-7445eea04262/original,2019-08-26,NA,NA,NA,"long: 145.7614611321, lat: -17.6040033101",reiner,NA,2021-04-07 13:20:29
https://images.ala.org.au/store/3/3/3/4/a4c3a12a-3617-4cd3-8ff7-8b8574be4333/original,2018-08-23,NA,NA,NA,"long: 146.5108516667, lat: -19.2137980556",reiner,NA,2021-04-07 13:20:29
https://images.ala.org.au/store/2/e/a/a/863a2567-d964-48dd-9016-f132d6c0aae2/original,2020-08-08,NA,NA,NA,"long: 152.8737994165, lat: -27.4555856981",christopherburwell,NA,2021-04-07 13:20:29
https://images.ala.org.au/store/b/c/c/5/3cc206d0-1fd6-42ce-81c6-5a0cfcb45ccb/original,2020-08-25,NA,NA,NA,"long: 153.2, lat: -27.6",NA,NA,2021-04-07 13:20:29
https://images.ala.org.au/store/1/c/7/3/02208a18-ec9e-4ffd-8201-e635b8de37c1/original,2018-08-19,NA,NA,NA,"long: 146.9472286111, lat: -19.4351880556",reiner,NA,2021-04-07 13:20:29
https://images.ala.org.au/store/b/d/e/5/65bd5120-f418-43d7-9029-fda7e64b5edb/original,2020-08-08,NA,NA,NA,"long: 152.9175311126, lat: -27.0868756068",raphaelbriskie,NA,2021-04-07 13:20:29
https://images.ala.org.au/store/a/0/d/2/31a0ec83-fde3-452f-98f0-9d79d5e62d0a/original,2019-08-12,NA,NA,NA,"long: 145.6828173995, lat: -16.8156590806",apteryxrowi,NA,2021-04-07 13:20:29
https://images.ala.org.au/store/7/9/c/2/f98b66de-b39b-4497-9aaa-17fbfd9a2c97/original,2019-08-18,NA,NA,NA,"long: 145.2880245428, lat: -16.6672928857",reiner,NA,2021-04-07 13:20:29
https://images.ala.org.au/store/b/1/c/f/62cabebd-3859-45de-a4ee-a78725b4fc1b/original,2019-08-31,NA,NA,NA,"long: 145.96664, lat: -18.264044",reiner,NA,2021-04-07 13:20:29
https://images.ala.org.au/store/6/3/0/2/cfe4ff76-6a6a-437d-ba9c-c0e7f9572036/original,2007-08-07,NA,NA,NA,"long: 147.0320646373, lat: -19.5062003223",stanvrem,NA,2021-04-07 13:20:29
https://images.ala.org.au/store/4/5/f/f/1b5622c2-a351-4180-9216-ddd035a8ff54/original,2018-08-31,NA,NA,NA,"long: 145.7887, lat: -17.0974733333",reiner,NA,2021-04-07 13:20:29
https://images.ala.org.au/store/4/f/f/3/4bd36c4a-949d-44c9-ba0a-172702633ff4/original,2019-08-21,NA,NA,NA,"long: 145.6129139399, lat: -16.8008535323",reiner,NA,2021-04-07 13:20:29
https://images.ala.org.au/store/8/f/6/6/d29486c9-f1e5-42d8-9981-0cdca91466f8/original,2018-08-07,NA,NA,NA,"long: 130.83725390625003, lat: -12.445267499999995",58009,NA,2021-04-07 13:20:29
https://images.ala.org.au/store/7/b/5/5/2be09dd5-152c-4d4f-b7b1-57840b4755b7/original,2019-08-28,NA,NA,NA,"long: 145.6120654789, lat: -17.7512564789",reiner,NA,2021-04-07 13:20:29
https://images.ala.org.au/store/f/d/4/6/2c70c60c-d80d-4f90-98b2-4ae5d4de64df/original,2009-08-01,NA,NA,NA,"long: 147.8600104063, lat: -19.870209945",anthonywood,NA,2021-04-07 13:20:29
https://images.ala.org.au/store/b/7/0/1/ea59edf6-efe6-4eb9-8b5d-f375bece107b/original,2019-08-26,NA,NA,NA,"long: 145.7613935076, lat: -17.6039369063",reiner,NA,2021-04-07 13:20:29
https://images.ala.org.au/store/9/c/d/c/9085fef5-7d55-4b23-bb39-6220d94bcdc9/original,2019-08-10,NA,NA,NA,"long: 145.560119, lat: -17.777202",reiner,NA,2021-04-07 13:20:29
https://images.ala.org.au/store/3/9/1/8/26807784-23c3-4f9e-9b00-c7a9c74e8193/original,2018-08-17,NA,NA,NA,"long: 148.5450880556, lat: -20.7984597222",reiner,NA,2021-04-07 13:20:29
https://images.ala.org.au/store/6/4/3/b/3ad65a14-eb1e-45d4-b128-18d184fcb346/original,2016-09-23,NA,NA,NA,"long: 153.4, lat: -27.5",NA,NA,2021-04-07 13:20:29
https://images.ala.org.au/store/7/6/7/4/0054ddb1-04ab-40de-a88d-aba5b96c4767/original,2020-09-23,NA,NA,NA,"long: 152.9856946228, lat: -26.4909735415",kathy061,NA,2021-04-07 13:20:29
https://images.ala.org.au/store/0/c/9/b/36971b14-e1e0-4eae-8f37-17a31d29b9c0/original,2019-09-29,NA,NA,NA,"long: 145.4501267566, lat: -16.1041322053",eorwin,NA,2021-04-07 13:20:29
https://images.ala.org.au/store/2/b/5/d/a09d2898-1807-4f15-a9d9-3ee3260cd5b2/original,2018-09-18,NA,NA,NA,"long: 151.2544825, lat: -24.2252830556",reiner,NA,2021-04-07 13:20:29
https://images.ala.org.au/store/3/f/7/8/50f2ecd7-4058-403c-bd22-1f45f9b187f3/original,2020-09-25,NA,NA,NA,"long: 153.1736282341, lat: -26.674004756",orlandob,NA,2021-04-07 13:20:29
https://images.ala.org.au/store/e/a/3/b/5671bd5a-4774-4d96-aab9-0881b279b3ae/original,2018-09-03,NA,NA,NA,"long: 145.5643491667, lat: -17.8251330556",reiner,NA,2021-04-07 13:20:29
https://images.ala.org.au/store/7/e/5/0/1e27a3b8-2ce9-4d1b-8153-37171d3905e7/original,2020-09-28,NA,NA,NA,"long: 153.2122914536, lat: -27.5080556268",dragonette,NA,2021-04-07 13:20:29
https://images.ala.org.au/store/0/2/2/1/7e442fba-c016-4e9a-95ee-0f1462831220/original,2017-09-02,NA,NA,NA,"long: 153.3253355583, lat: -28.5606769191",zish,NA,2021-04-07 13:20:29
https://images.ala.org.au/store/3/6/6/8/70cd6ee5-748e-42fb-9378-25ddd9c18663/original,2014-09-30,NA,NA,NA,"long: 145.9571019339, lat: -17.6529574185",botanygirl,NA,2021-04-07 13:20:29
https://images.ala.org.au/store/2/d/c/8/668a970d-1a28-4b29-bf50-82785d148cd2/original,2017-09-30,NA,NA,NA,"long: 146.285691, lat: -18.953714",matthew_connors,NA,2021-04-07 13:20:29
https://images.ala.org.au/store/6/1/0/1/6fe1c2b0-0f65-43b8-8623-5a6e704b1016/original,2017-09-20,NA,NA,NA,"long: 153.0, lat: -26.6",NA,NA,2021-04-07 13:20:29
https://images.ala.org.au/store/b/c/c/4/cf63bd08-20e0-41e2-a0ef-3f77f90d4ccb/original,2018-09-28,NA,NA,NA,"long: 145.33957, lat: -16.5950916667",markconboy,NA,2021-04-07 13:20:29
https://images.ala.org.au/store/4/d/7/c/5bbf057c-bb3e-48fb-b11b-6bc8cd46c7d4/original,2019-09-05,NA,NA,NA,"long: 146.9441083225, lat: -19.4313796213",reiner,NA,2021-04-07 13:20:29
https://images.ala.org.au/store/1/0/2/0/90394b54-3acf-4cf1-9b94-2cee01bb0201/original,2020-09-19,NA,NA,NA,"long: 145.7027946568, lat: -16.8005874312",apteryxrowi,NA,2021-04-07 13:20:29
https://images.ala.org.au/store/b/a/9/a/e15c6aba-0619-4621-8eef-210e813ca9ab/original,2019-09-01,NA,NA,NA,"long: 146.1525388005, lat: -18.6547359392",reiner,NA,2021-04-07 13:20:29
https://images.ala.org.au/store/a/b/f/2/5b4655f6-32b4-45cf-8ae9-f6c43c312fba/original,2019-09-07,NA,NA,NA,"long: 148.5454254524, lat: -20.7985599188",reiner,NA,2021-04-07 13:20:29
https://images.ala.org.au/store/c/5/7/b/2202a724-bc03-465a-b300-a324e8cdb75c/original,2013-09-02,NA,NA,NA,"long: 145.645015, lat: -16.7244",csmitelli,NA,2021-04-07 13:20:29
https://images.ala.org.au/store/1/b/a/1/1d4d267e-512a-4068-9305-e51e4e1f1ab1/original,2014-09-25,NA,NA,NA,"long: 132.5805333781, lat: -12.5566817755",juddpatterson,NA,2021-04-07 13:20:29
https://images.ala.org.au/store/e/e/e/7/20f30b6e-b1b8-4f67-975c-3ce4e1657eee/original,2020-09-25,NA,NA,NA,"long: 153.1596898818, lat: -26.628476278",orlandob,NA,2021-04-07 13:20:29
https://images.ala.org.au/store/e/8/7/1/68ab19db-505f-453a-a93e-27b884ae178e/original,2018-09-03,NA,NA,NA,"long: 145.5604744444, lat: -17.777815",reiner,NA,2021-04-07 13:20:29
https://images.ala.org.au/store/d/9/9/6/5d154d70-90a7-4552-b41e-39893ae4699d/original,2019-09-29,NA,NA,NA,"long: 145.4571533333, lat: -16.1047611667",haseenabhullar,NA,2021-04-07 13:20:29
https://images.ala.org.au/store/b/3/c/f/54f923f1-c8a5-4ac4-8c11-ba1081d1fc3b/original,2017-09-15,NA,NA,NA,"long: 145.2274858479, lat: -15.7523299571",seanthelight,NA,2021-04-07 13:20:29
https://images.ala.org.au/store/1/9/2/9/76f3fddc-525e-40fb-951e-e5f593aa9291/original,2011-09-11,NA,NA,NA,"long: 132.921295, lat: -12.662614",NA,NA,2021-04-07 13:20:29
https://images.ala.org.au/store/b/c/a/5/a3d4b68b-21d6-4859-8c9f-19f5139d5acb/original,2017-09-10,NA,NA,NA,"long: 152.7385698258, lat: -27.4947847637",rich_fuller,NA,2021-04-07 13:20:29
https://images.ala.org.au/store/3/7/f/c/ca4ad6ba-3e16-443e-abd3-fa89302bcf73/original,2017-09-20,NA,NA,NA,"long: 145.603841, lat: -17.4256436",grisper1,NA,2021-04-07 13:20:29
https://images.ala.org.au/store/1/d/2/c/3f22f2b4-2915-4716-9210-b33572d7c2d1/original,2019-09-08,NA,NA,NA,"long: 153.0625762939, lat: -27.3158779144",allanlugg,NA,2021-04-07 13:20:29
https://images.ala.org.au/store/f/1/e/d/147775b3-6b9b-49d2-9c20-143c5e9dde1f/original,2016-09-12,NA,NA,NA,"long: 145.3189951567, lat: -16.2512978229",lorenzo_zambetti,NA,2021-04-07 13:20:29
https://images.ala.org.au/store/d/6/e/4/1d644d41-48d9-4465-b99b-962a442f4e6d/original,2017-09-30,NA,NA,NA,"long: 145.6, lat: -17.4",NA,NA,2021-04-07 13:20:29
https://images.ala.org.au/store/7/5/b/3/8ab11015-ced6-435f-8c2e-da79964b3b57/original,2020-09-19,NA,NA,NA,"long: 153.04440283, lat: -27.50767167",jacobboxall,NA,2021-04-07 13:20:29
https://images.ala.org.au/store/f/3/0/0/c1bcabca-a3cf-48a3-93e8-1b347ed0003f/original,2018-09-27,NA,NA,NA,"long: 153.0, lat: -26.9",NA,NA,2021-04-07 13:20:29
https://images.ala.org.au/store/3/d/b/f/2b7a9ccd-1651-4365-a565-f3ee2783fbd3/original,2017-09-15,NA,NA,NA,"long: 145.2255813661, lat: -15.742481731",seanthelight,NA,2021-04-07 13:20:29
https://images.ala.org.au/store/8/2/5/f/2e1ddb8f-fa7a-4b42-9302-5f93e549f528/original,2020-09-17,NA,NA,NA,"long: 145.6, lat: -16.8",NA,NA,2021-04-07 13:20:29
https://images.ala.org.au/store/e/8/c/d/41829be7-7a80-4816-aeee-5365afe5dc8e/original,2016-09-10,NA,NA,NA,"long: 153.0, lat: -27.5",NA,NA,2021-04-07 13:20:29
https://images.ala.org.au/store/c/6/8/d/5e5f0a29-7b1a-4a3d-8c3b-83ec5f6ad86c/original,2018-09-11,NA,NA,NA,"long: 152.9, lat: -27.3",NA,NA,2021-04-07 13:20:29
https://images.ala.org.au/store/5/2/0/b/2cf6dbc3-f2df-40fb-aa15-f80bef5eb025/original,2019-09-29,NA,NA,NA,"long: 145.44925, lat: -16.10321383",kimz,NA,2021-04-07 13:20:29
https://images.ala.org.au/store/4/3/2/a/b9650986-b8ec-497f-a88b-332b647fa234/original,2020-09-21,NA,NA,NA,"long: 153.126411179, lat: -26.659288325",orlandob,NA,2021-04-07 13:20:29
https://images.ala.org.au/store/7/b/3/7/32f63249-8606-4dd6-bddb-9d79b9ad73b7/original,2016-09-05,NA,NA,NA,"long: 145.5, lat: -16.5",NA,NA,2021-04-07 13:20:29
https://images.ala.org.au/store/5/e/d/5/c5d765f9-bd61-4430-b1f5-1794361e5de5/original,2019-09-29,NA,NA,NA,"long: 145.45024167, lat: -16.10295283",salonz,NA,2021-04-07 13:20:29
https://images.ala.org.au/store/b/d/f/8/86655e4a-ecee-43e0-b223-5b85234a8fdb/original,2016-09-05,NA,NA,NA,"long: 145.4639282227, lat: -16.5025653839",austin1,NA,2021-04-07 13:20:29
https://images.ala.org.au/store/f/c/1/7/c541a9cf-ef45-48f2-831d-d5ef6efb71cf/original,2020-09-03,NA,NA,NA,"long: 152.9561814196, lat: -27.5583184837",purpleflowers,NA,2021-04-07 13:20:29
https://images.ala.org.au/store/4/b/a/a/a2cf08c9-23db-41e6-b127-16aaef0baab4/original,2019-09-11,NA,NA,NA,"long: 151.2597213847, lat: -23.8557084615",reiner,NA,2021-04-07 13:20:29
https://images.ala.org.au/store/0/6/2/c/41b31c96-17f6-430f-b2a0-c37de43bc260/original,2017-09-28,NA,NA,NA,"long: 152.9268437643, lat: -27.5732732556",purpleflowers,NA,2021-04-07 13:20:29
https://images.ala.org.au/store/9/d/9/e/3f9cd4b9-0897-4e3b-87e9-e0055588e9d9/original,2020-09-26,NA,NA,NA,"long: 152.7, lat: -25.3",NA,NA,2021-04-07 13:20:29
https://images.ala.org.au/store/5/f/4/8/48d09d65-aa2b-4588-ac84-42c9f67084f5/original,2018-09-18,NA,NA,NA,"long: 153.0, lat: -27.5",NA,NA,2021-04-07 13:20:29
https://images.ala.org.au/store/a/9/1/4/85cd76cd-d95a-4d12-bc7b-525f5e07419a/original,2020-09-20,NA,NA,NA,"long: 145.76628, lat: -16.9166083333",bigglebaggle,NA,2021-04-07 13:20:29
https://images.ala.org.au/store/b/3/7/3/165c31d7-0a96-4a8e-b012-97b59912373b/original,2018-09-09,NA,NA,NA,"long: 146.7645683333, lat: -19.3127575",reiner,NA,2021-04-07 13:20:29
https://images.ala.org.au/store/3/3/f/1/dd5614ae-40b6-4afe-80ca-d7723f7a1f33/original,2017-09-30,NA,NA,NA,"long: 146.236389, lat: -18.986536",matthew_connors,NA,2021-04-07 13:20:29
https://images.ala.org.au/store/9/1/0/b/282a477a-a21d-456a-bf58-b4130964b019/original,2017-09-06,NA,NA,NA,"long: 153.0, lat: -27.5",NA,NA,2021-04-07 13:20:29
https://images.ala.org.au/store/d/e/9/c/c79ca13c-4bfa-45bc-b5d7-7db4550cc9ed/original,2018-09-11,NA,NA,NA,"long: 152.9, lat: -27.3",NA,NA,2021-04-07 13:20:29
https://images.ala.org.au/store/3/d/a/1/93707066-3d84-45da-a0e4-f50e64311ad3/original,2019-09-13,NA,NA,NA,"long: 130.8365383333, lat: -12.4457066667",colintrainor,NA,2021-04-07 13:20:29
https://images.ala.org.au/store/1/d/2/f/3c049d73-2570-48ea-a054-f2d8ce88f2d1/original,2018-09-08,NA,NA,NA,"long: 153.0, lat: -27.5",NA,NA,2021-04-07 13:20:29
https://images.ala.org.au/store/d/2/6/5/79f9b821-39d6-4a59-9560-02bab224562d/original,2019-09-29,NA,NA,NA,"long: 145.4504047874, lat: -16.1039327104",eorwin,NA,2021-04-07 13:20:29
https://images.ala.org.au/store/6/9/0/1/8a13b21a-7c89-4389-9910-453c235c1096/original,2019-09-05,NA,NA,NA,"long: 146.9512653002, lat: -19.3986209548",reiner,NA,2021-04-07 13:20:29
https://images.ala.org.au/store/1/2/1/3/7c8a7d16-1fd9-4119-a463-375d05ca3121/original,2017-09-22,NA,NA,NA,"long: 145.4, lat: -16.2",NA,NA,2021-04-07 13:20:29
https://images.ala.org.au/store/2/6/9/5/845772de-6e19-41be-82d2-9d5469165962/original,2018-09-30,NA,NA,NA,"long: 146.6794456, lat: -19.2226979",smidgen118,NA,2021-04-07 13:20:29
https://images.ala.org.au/store/c/9/4/d/1f5d8a93-0647-4fc0-9743-85467c34d49c/original,2018-09-30,NA,NA,NA,"long: 152.7, lat: -26.9",NA,NA,2021-04-07 13:20:29
https://images.ala.org.au/store/e/e/d/8/4bb3b82d-c36e-4088-a063-412984718dee/original,2017-09-29,NA,NA,NA,"long: 152.8, lat: -27.6",NA,NA,2021-04-07 13:20:29
https://images.ala.org.au/store/5/7/5/3/ed673cc5-e2ac-453e-ba74-cc8edabd3575/original,2019-09-02,NA,NA,NA,"long: 153.0, lat: -27.5",NA,NA,2021-04-07 13:20:29
https://images.ala.org.au/store/0/5/f/6/d2c811b7-b654-4db5-b63d-b0441d746f50/original,2017-09-09,NA,NA,NA,"long: 152.74278044700623, lat: -27.497727315315093",211,NA,2021-04-07 13:20:29
https://images.ala.org.au/store/b/9/4/7/c4331bc5-ac26-407d-a538-6454c56a749b/original,2020-09-30,NA,NA,NA,"long: 153.02844167, lat: -27.47442",tanyadodgen,NA,2021-04-07 13:20:29
https://images.ala.org.au/store/0/3/0/5/af769808-32c7-4e57-b3f5-4578db295030/original,2018-09-11,NA,NA,NA,"long: 146.9509875, lat: -19.4006255556",reiner,NA,2021-04-07 13:20:29
https://images.ala.org.au/store/8/d/b/d/82a1c4b7-98aa-49c8-aa7f-18243523dbd8/original,2013-09-16,NA,NA,NA,"long: 146.44785, lat: -19.24053",graemevc,NA,2021-04-07 13:20:29
https://images.ala.org.au/store/4/9/f/2/5cb578fc-72c8-410a-9369-03ccc2b32f94/original,2020-09-02,NA,NA,NA,"long: 141.745576128, lat: -20.651680032",terrymuns,NA,2021-04-07 13:20:29
https://images.ala.org.au/store/6/c/8/5/f1f347f0-89ce-4286-81a0-e5b2499e58c6/original,2011-09-11,NA,NA,NA,"long: 132.921295, lat: -12.662614",NA,NA,2021-04-07 13:20:29
https://images.ala.org.au/store/d/d/d/d/2ba89f70-542d-42e0-b8da-ab678ed6dddd/original,2016-09-19,NA,NA,NA,"long: 153.3, lat: -28.0",NA,NA,2021-04-07 13:20:29
https://images.ala.org.au/store/3/b/9/2/33d62b3b-dc30-441f-a813-8a2d7cb029b3/original,2019-09-24,NA,NA,NA,"long: 143.5733863131, lat: -18.2596400865",williamdomenge9,NA,2021-04-07 13:20:29
https://images.ala.org.au/store/9/b/f/f/5beae9b1-d2e4-414d-b0d5-eaf6d4a7ffb9/original,2020-09-21,NA,NA,NA,"long: 153.061894129, lat: -26.7713727036",orlandob,NA,2021-04-07 13:20:29
https://images.ala.org.au/store/a/1/2/9/21d4023e-b4f4-49be-8014-98e3c35e921a/original,2016-09-26,NA,NA,NA,"long: 145.5, lat: -16.5",NA,NA,2021-04-07 13:20:29
https://images.ala.org.au/store/e/5/7/a/0af663f4-ad94-406c-afc3-a2ed5cb3a75e/original,2017-09-15,NA,NA,NA,"long: 145.232129368, lat: -15.8154300503",seanthelight,NA,2021-04-07 13:20:29
https://images.ala.org.au/store/8/c/3/1/084407cf-5f1d-4d4c-b822-382c157c13c8/original,2018-09-09,NA,NA,NA,"long: 152.3764673279, lat: -27.6325509018",blawson,NA,2021-04-07 13:20:29
https://images.ala.org.au/store/3/a/5/0/b5be39a9-f395-478c-9d4c-44cf2dc605a3/original,2018-09-12,NA,NA,NA,"long: 146.9500383333, lat: -19.4009744444",reiner,NA,2021-04-07 13:20:29
https://images.ala.org.au/store/4/c/f/c/ab40d5bd-4fd8-4267-8d41-fd8ec24ecfc4/original,2014-09-27,NA,NA,NA,"long: 153.0940602018, lat: -27.0203521806",melrodgers,NA,2021-04-07 13:20:29
https://images.ala.org.au/store/6/c/b/d/0f43c391-4c1b-4c69-a4bf-d1506eb3dbc6/original,2020-09-28,NA,NA,NA,"long: 153.2130965139, lat: -27.5085553056",dragonette,NA,2021-04-07 13:20:29
https://images.ala.org.au/store/2/e/3/a/9eb9e858-2c99-48ce-82f8-8f4ecef9a3e2/original,2018-09-10,NA,NA,NA,"long: 146.7021736111, lat: -19.3191627778",reiner,NA,2021-04-07 13:20:29
https://images.ala.org.au/store/6/9/1/f/cf2596ad-6125-40ec-944e-76cd2271f196/original,2013-09-16,NA,NA,NA,"long: 146.44785, lat: -19.24053",NA,NA,2021-04-07 13:20:29
https://images.ala.org.au/store/2/c/7/c/6be3dabd-124b-44ab-bee9-db333fd9c7c2/original,2020-09-21,NA,NA,NA,"long: 153.0184048313, lat: -26.7797824841",orlandob,NA,2021-04-07 13:20:29
https://images.ala.org.au/store/3/8/7/2/a406cf4d-2aa4-43aa-a5be-81a473ed2783/original,2019-09-30,NA,NA,NA,"long: 145.4495323965, lat: -16.1039280667",wtippy,NA,2021-04-07 13:20:29
https://images.ala.org.au/store/2/7/2/c/3d38a07d-3e26-466a-ad15-3ae73314c272/original,2018-09-04,NA,NA,NA,"long: 146.0430185245, lat: -17.7132231759",reiner,NA,2021-04-07 13:20:29
https://images.ala.org.au/store/3/b/b/b/61599a36-2e01-49a7-80a8-8052fe0fbbb3/original,2017-09-10,NA,NA,NA,"long: 153.0, lat: -27.5",NA,NA,2021-04-07 13:20:29
https://images.ala.org.au/store/e/7/4/9/4b5060b2-70a0-4c17-bc88-7355f2e3947e/original,2019-09-12,NA,NA,NA,"long: 128.701541706, lat: -15.6299490978",williamdomenge9,NA,2021-04-07 13:20:29
https://images.ala.org.au/store/f/8/e/7/7fa04c72-e367-4765-b8c0-e0005d1b7e8f/original,2017-09-27,NA,NA,NA,"long: 145.7, lat: -16.9",NA,NA,2021-04-07 13:20:29
https://images.ala.org.au/store/f/5/3/2/84ef0570-0a99-4e17-9dec-fbc4e0a8235f/original,2017-09-07,NA,NA,NA,"long: 144.995694, lat: -16.496343",matthew_connors,NA,2021-04-07 13:20:29
https://images.ala.org.au/store/7/b/f/a/5f055afe-390d-4068-b210-f168870aafb7/original,2020-09-20,NA,NA,NA,"long: 145.8, lat: -16.9",NA,NA,2021-04-07 13:20:29
https://images.ala.org.au/store/8/7/2/5/16621e28-4f91-4bd7-93ac-f918ddad5278/original,2019-09-08,NA,NA,NA,"long: 152.9241008031, lat: -27.4448771292",l-li,NA,2021-04-07 13:20:29
https://images.ala.org.au/store/e/b/0/7/cbe3d022-dae1-4993-aaf9-3644cea770be/original,2018-09-04,NA,NA,NA,"long: 145.7124013889, lat: -17.8273530556",reiner,NA,2021-04-07 13:20:29
https://images.ala.org.au/store/b/8/3/f/3e86cc81-265e-4720-be63-a084bbfaf38b/original,2018-09-17,NA,NA,NA,"long: 151.2161488889, lat: -24.1582330556",reiner,NA,2021-04-07 13:20:29
https://images.ala.org.au/store/8/6/b/5/463ef63d-b6c2-4d96-aff3-29e7110e5b68/original,2019-10-27,NA,NA,NA,"long: 153.0529409754, lat: -26.3977958919",charmainet,NA,2021-04-07 13:20:29
https://images.ala.org.au/store/5/4/5/5/2bae8d79-9b2d-49c3-a9eb-bcc625e15545/original,2010-10-23,NA,NA,NA,"long: 145.3558451846, lat: -16.9265583299",drilvonen,NA,2021-04-07 13:20:29
https://images.ala.org.au/store/2/4/8/f/59e9c623-9bd1-43bd-bf5e-319bae79f842/original,2016-10-03,NA,NA,NA,"long: 152.9, lat: -27.4",NA,NA,2021-04-07 13:20:29
https://images.ala.org.au/store/a/c/8/8/25cba3a3-31a8-4781-a485-99de9b9488ca/original,2018-10-29,NA,NA,NA,"long: 153.1, lat: -26.7",NA,NA,2021-04-07 13:20:29
https://images.ala.org.au/store/7/f/b/2/0e89ac35-bd03-4a96-9e04-6c9aeead2bf7/original,2017-10-15,NA,NA,NA,"long: 131.6490733624, lat: -12.9072725993",rob21,NA,2021-04-07 13:20:29
https://images.ala.org.au/store/9/e/2/2/0b0d5836-136f-4150-a18d-54313ee922e9/original,2018-10-26,NA,NA,NA,"long: 152.9341889173, lat: -26.9931222883",morrist,NA,2021-04-07 13:20:29
https://images.ala.org.au/store/7/8/2/0/86b21e63-40d1-4d03-a913-48533fac0287/original,2010-10-05,NA,NA,NA,"long: 152.1113369548, lat: -27.2559212212",drilvonen,NA,2021-04-07 13:20:29
https://images.ala.org.au/store/5/0/2/8/3ac83c63-46f1-420c-ad13-6cf3322a8205/original,2019-10-20,NA,NA,NA,"long: 152.5, lat: -27.4",NA,NA,2021-04-07 13:20:29
https://images.ala.org.au/store/9/c/7/5/56e5174c-e439-46a0-a4a2-786798b857c9/original,2019-10-06,NA,NA,NA,"long: 146.39328, lat: -19.0525",elawrey,NA,2021-04-07 13:20:29
https://images.ala.org.au/store/8/b/f/6/ce9c9aa2-b5a4-4bc7-a119-8674441a6fb8/original,2018-10-19,NA,NA,NA,"long: 151.2, lat: -33.9",NA,NA,2021-04-07 13:20:29
https://images.ala.org.au/store/7/5/b/6/bddbb6c4-6d61-4da2-b7f1-6d062d8d6b57/original,2018-10-14,NA,NA,NA,"long: 152.9, lat: -27.3",NA,NA,2021-04-07 13:20:29
https://images.ala.org.au/store/4/2/0/6/11216e02-2fa3-45df-a3f3-ebcc31756024/original,2020-10-20,NA,NA,NA,"long: 153.0784428, lat: -27.6669291",roxanneives,NA,2021-04-07 13:20:29
https://images.ala.org.au/store/4/d/e/6/2466d518-7476-4e28-88d0-7c3b1b186ed4/original,2019-10-20,NA,NA,NA,"long: 152.5873166667, lat: -26.3670166667",wingspanner,NA,2021-04-07 13:20:29
https://images.ala.org.au/store/d/2/e/2/461dca44-5465-48d5-b365-650154642e2d/original,2019-10-16,NA,NA,NA,"long: 138.5311265377, lat: -18.6889707127",kucycads,NA,2021-04-07 13:20:29
https://images.ala.org.au/store/1/c/0/a/78afe2a2-c0d7-40d9-bd09-a2814077a0c1/original,2018-10-13,NA,NA,NA,"long: 152.4, lat: -27.8",NA,NA,2021-04-07 13:20:29
https://images.ala.org.au/store/7/e/6/4/88a34d61-8d90-4402-be38-d14b262b46e7/original,2020-10-17,NA,NA,NA,"long: 153.0651380989, lat: -27.4940561776",greg_nye,NA,2021-04-07 13:20:29
https://images.ala.org.au/store/0/0/1/b/3a5414a4-973e-4c70-ad9c-ea7f44bdb100/original,2017-10-28,NA,NA,NA,"long: 152.9, lat: -27.4",NA,NA,2021-04-07 13:20:29
https://images.ala.org.au/store/b/4/f/d/57b5d2c0-2736-4d75-9eb4-ba5150f3df4b/original,2012-10-27,NA,NA,NA,"long: 146.9525831067, lat: -19.4393553399",helgawied,NA,2021-04-07 13:20:29
https://images.ala.org.au/store/b/0/2/e/24aa449c-25b3-461a-b2e6-97612807e20b/original,2017-10-01,NA,NA,NA,"long: 145.7494116667, lat: -16.90013",d_kurek,NA,2021-04-07 13:20:29
https://images.ala.org.au/store/5/3/4/c/c049181a-bfdf-4c25-8186-2a347dabc435/original,2017-10-27,NA,NA,NA,"long: 130.9541131, lat: -13.0247324",nolmat,NA,2021-04-07 13:20:29
https://images.ala.org.au/store/6/8/0/0/1b59d6bd-df07-49af-8a65-29cd579e0086/original,2019-10-28,NA,NA,NA,"long: 149.2, lat: -21.3",NA,NA,2021-04-07 13:20:29
https://images.ala.org.au/store/6/3/2/5/a39c5f00-0925-4b78-a467-8071a6b15236/original,2018-10-26,NA,NA,NA,"long: 152.8, lat: -27.4",NA,NA,2021-04-07 13:20:29
https://images.ala.org.au/store/0/a/0/7/76243a89-bf74-4795-a5b3-f13a2c7a70a0/original,2017-10-22,NA,NA,NA,"long: 153.1, lat: -26.7",NA,NA,2021-04-07 13:20:29
https://images.ala.org.au/store/6/4/c/5/4d708527-1ee6-4291-9181-c08976095c46/original,2018-10-24,NA,NA,NA,"long: 145.5797766667, lat: -17.273005",rkostecke,NA,2021-04-07 13:20:29
https://images.ala.org.au/store/d/0/1/6/ec0dc5d3-4e03-4a87-aa23-1dc36aac610d/original,2012-10-27,NA,NA,NA,"long: 146.9518964612, lat: -19.4396790909",helgawied,NA,2021-04-07 13:20:29
https://images.ala.org.au/store/2/0/3/e/de3ae5cc-f6a3-433a-ab48-fb16659ae302/original,2012-10-27,NA,NA,NA,"long: 146.9530551755, lat: -19.4393553399",helgawied,NA,2021-04-07 13:20:29
https://images.ala.org.au/store/7/2/9/6/18dd8400-787b-4a98-9264-bffaf11d6927/original,2017-10-06,NA,NA,NA,"long: 152.992496, lat: -27.2739514",tayloab,NA,2021-04-07 13:20:29
https://images.ala.org.au/store/0/0/d/4/3877b57c-956d-47dc-b9ac-70cba89c4d00/original,2020-10-24,NA,NA,NA,"long: 153.05083, lat: -27.5481116667",gregtasney,NA,2021-04-07 13:20:29
https://images.ala.org.au/store/f/d/4/0/74a16c8b-f539-44db-9acc-32aafe7b04df/original,2017-10-20,NA,NA,NA,"long: 152.8, lat: -27.6",NA,NA,2021-04-07 13:20:29
https://images.ala.org.au/store/b/f/0/2/0db0332a-10b8-439d-9b1a-99af250320fb/original,2010-10-05,NA,NA,NA,"long: 152.1120274698, lat: -27.2563748059",drilvonen,NA,2021-04-07 13:20:29
https://images.ala.org.au/store/6/4/4/b/75a38eed-e3fe-4076-9a84-8439f0e2b446/original,2017-10-24,NA,NA,NA,"long: 153.0994063426, lat: -26.6353411857",rich_fuller,NA,2021-04-07 13:20:29
https://images.ala.org.au/store/9/7/d/6/81dc00ce-98ba-4864-a17d-e63b47176d79/original,2018-10-27,NA,NA,NA,"long: 153.1, lat: -26.7",NA,NA,2021-04-07 13:20:29
https://images.ala.org.au/store/e/4/b/6/1932bde8-ca13-4188-a2eb-cf3729bd6b4e/original,2019-10-03,NA,NA,NA,"long: 148.716944, lat: -20.2675",federicoghiazza,NA,2021-04-07 13:20:29
https://images.ala.org.au/store/f/c/9/5/8e816ea4-275d-4719-82a6-abf6925e59cf/original,2012-10-27,NA,NA,NA,"long: 146.9518535458, lat: -19.4392339331",helgawied,NA,2021-04-07 13:20:29
https://images.ala.org.au/store/a/0/2/6/6fd12229-d702-489c-9f8d-729e6289620a/original,2019-10-26,NA,NA,NA,"long: 131.24157833, lat: -12.604645",mcintyreoj,NA,2021-04-07 13:20:29
https://images.ala.org.au/store/1/1/e/9/1abaac36-30f4-4aa2-b2f2-f96398749e11/original,2017-10-22,NA,NA,NA,"long: 132.4168395993, lat: -13.433044872",rob21,NA,2021-04-07 13:20:29
https://images.ala.org.au/store/e/0/7/8/0395b796-e39a-4b75-a252-810afe63870e/original,2020-10-30,NA,NA,NA,"long: 152.9491885426, lat: -27.5225247722",vickymills,NA,2021-04-07 13:20:29
https://images.ala.org.au/store/6/7/8/1/049fdc60-d6f7-4f49-b83d-529848431876/original,2019-10-13,NA,NA,NA,"long: 153.5329712927, lat: -27.4261669651",peggydnew,NA,2021-04-07 13:20:29
https://images.ala.org.au/store/5/a/f/3/ec0214c7-39b7-402c-add0-21f293193fa5/original,2019-10-06,NA,NA,NA,"long: 145.4, lat: -16.2",NA,NA,2021-04-07 13:20:29
https://images.ala.org.au/store/c/5/2/a/620264ea-24ce-45a5-95bb-3f524470a25c/original,2019-10-31,NA,NA,NA,"long: 151.9, lat: -24.2",NA,NA,2021-04-07 13:20:29
https://images.ala.org.au/store/3/b/0/7/0d58ba03-da90-42f3-a28d-038bcb8270b3/original,2017-10-08,NA,NA,NA,"long: 152.9, lat: -27.4",NA,NA,2021-04-07 13:20:29
https://images.ala.org.au/store/f/5/e/b/58f0d397-760b-4224-8467-25cfde5cbe5f/original,2019-10-03,NA,NA,NA,"long: 145.45233, lat: -16.1021471667",gracefoard,NA,2021-04-07 13:20:29
https://images.ala.org.au/store/a/d/1/b/b69ed7ee-ebb4-42ac-9766-442c5e27b1da/original,2020-10-18,NA,NA,NA,"long: 152.8999986, lat: -27.261314",tuppsnz,NA,2021-04-07 13:20:29
https://images.ala.org.au/store/9/b/8/e/72dad770-c86c-44fe-83f9-9421c8f2e8b9/original,2012-10-27,NA,NA,NA,"long: 146.9515102231, lat: -19.4397195598",helgawied,NA,2021-04-07 13:20:29
https://images.ala.org.au/store/9/e/4/d/136c9880-ba20-422f-a65c-262d3524d4e9/original,2012-10-27,NA,NA,NA,"long: 146.9520252072, lat: -19.4394362777",helgawied,NA,2021-04-07 13:20:29
https://images.ala.org.au/store/5/b/e/7/1fcd3c59-643d-4f81-9171-0df79c9b7eb5/original,2019-10-16,NA,NA,NA,"long: 145.5706638889, lat: -17.0051583333",salamandersquad,NA,2021-04-07 13:20:29
https://images.ala.org.au/store/b/e/8/b/419f2cdd-b102-4027-aaa0-cb073e2eb8eb/original,2018-10-29,NA,NA,NA,"long: 153.0, lat: -27.5",NA,NA,2021-04-07 13:20:29
https://images.ala.org.au/store/4/7/f/f/22f2eefe-1779-4e02-bf9a-44332c60ff74/original,2017-10-29,NA,NA,NA,"long: 153.1108063458, lat: -27.5214237127",rich_fuller,NA,2021-04-07 13:20:29
https://images.ala.org.au/store/9/8/5/0/c2fef037-1127-4ba8-8b6b-81f25ab80589/original,2019-10-15,NA,NA,NA,"long: 145.7498166667, lat: -16.9025694444",salamandersquad,NA,2021-04-07 13:20:29
https://images.ala.org.au/store/8/b/c/1/787a8d5b-5da8-4a8c-a54a-1b6f89181cb8/original,2019-10-16,NA,NA,NA,"long: 145.5830388889, lat: -17.0119583333",salamandersquad,NA,2021-04-07 13:20:29
https://images.ala.org.au/store/1/f/1/e/38340870-797e-473e-bc3b-097fcbeae1f1/original,2019-10-15,NA,NA,NA,"long: 145.7474833333, lat: -16.8993527778",salamandersquad,NA,2021-04-07 13:20:29
https://images.ala.org.au/store/3/7/a/f/ce9a4b11-6304-41f3-a906-1916b888fa73/original,2019-10-02,NA,NA,NA,"long: 145.4629045144, lat: -16.0892629833",eorwin,NA,2021-04-07 13:20:29
https://images.ala.org.au/store/e/2/7/f/7d39dec8-49a3-4ba3-98f4-0939d17df72e/original,2014-10-24,NA,NA,NA,"long: 148.701026, lat: -20.27398",mtynan,NA,2021-04-07 13:20:29
https://images.ala.org.au/store/8/d/9/5/6ee2d423-e3b7-4aee-9a43-0886511d59d8/original,2017-10-08,NA,NA,NA,"long: 153.0, lat: -26.6",NA,NA,2021-04-07 13:20:29
https://images.ala.org.au/store/2/a/d/c/fe127ccc-7c49-4e05-915c-9c007e21cda2/original,2017-10-25,NA,NA,NA,"long: 145.7, lat: -17.0",NA,NA,2021-04-07 13:20:29
https://images.ala.org.au/store/5/c/0/b/f2b58796-a9c5-4a50-ad8f-6a925c15b0c5/original,2019-10-11,NA,NA,NA,"long: 153.1936488, lat: -27.9421641",ranaustralia,NA,2021-04-07 13:20:29
https://images.ala.org.au/store/b/4/0/2/14f77a3e-7d2d-4eb8-8a1a-d2dddac1204b/original,2014-10-31,NA,NA,NA,"long: 143.411, lat: -12.597",jan023,NA,2021-04-07 13:20:29
https://images.ala.org.au/store/e/9/f/e/2f7b17cd-9ea2-4409-8f1a-95e52bd7ef9e/original,2015-10-20,NA,NA,NA,"long: 148.2671666667, lat: -25.0718",dmontijo,NA,2021-04-07 13:20:29
https://images.ala.org.au/store/c/1/5/3/1b43713f-3687-46c5-a024-86f387c6351c/original,2018-10-13,NA,NA,NA,"long: 153.1, lat: -27.3",NA,NA,2021-04-07 13:20:29
https://images.ala.org.au/store/2/2/4/f/920f065f-c1a0-4bd9-8425-705b54a0f422/original,2019-10-17,NA,NA,NA,"long: 145.6760861111, lat: -16.9648472222",salamandersquad,NA,2021-04-07 13:20:29
https://images.ala.org.au/store/6/6/2/8/edb10db3-8a07-4622-835b-7d4ccc9a8266/original,2020-10-24,NA,NA,NA,"long: 149.0703595656, lat: -23.7949994809",nyoni-pete,NA,2021-04-07 13:20:29
https://images.ala.org.au/store/3/7/b/0/50eaafc1-a43c-4467-9fe1-904477e70b73/original,2018-10-28,NA,NA,NA,"long: 152.0, lat: -27.7",NA,NA,2021-04-07 13:20:29
https://images.ala.org.au/store/b/a/6/1/e46dee1b-768c-4ac3-b9a0-21bbdca616ab/original,2018-10-25,NA,NA,NA,"long: 152.9, lat: -26.9",NA,NA,2021-04-07 13:20:29
https://images.ala.org.au/store/c/d/c/0/276767fe-6858-4010-b8b3-c3d496440cdc/original,2012-10-27,NA,NA,NA,"long: 146.9521539532, lat: -19.4395172155",helgawied,NA,2021-04-07 13:20:29
https://images.ala.org.au/store/3/f/b/e/3a2e913c-9dca-4c82-8688-ea33aedeebf3/original,2019-10-02,NA,NA,NA,"long: 145.4630076985, lat: -16.0891074776",eorwin,NA,2021-04-07 13:20:29
https://images.ala.org.au/store/4/e/7/a/4422df14-a168-4f40-b681-36205b97a7e4/original,2019-10-05,NA,NA,NA,"long: 153.173324585, lat: -27.4359149933",pholroyd,NA,2021-04-07 13:20:29
https://images.ala.org.au/store/d/0/4/3/58d2e259-2fb7-4886-be08-107fc840340d/original,2010-10-20,NA,NA,NA,"long: 145.9578992785, lat: -17.6528094716",drilvonen,NA,2021-04-07 13:20:29
https://images.ala.org.au/store/2/d/5/6/8a70802f-66ae-417e-8aaf-b74386d965d2/original,2019-10-14,NA,NA,NA,"long: 153.0248862304, lat: -27.4808609036",pholroyd,NA,2021-04-07 13:20:29
https://images.ala.org.au/store/c/b/e/d/7efba93e-e243-4d9f-87cf-2c96854cdebc/original,2012-10-27,NA,NA,NA,"long: 146.9520681225, lat: -19.4393553399",helgawied,NA,2021-04-07 13:20:29
https://images.ala.org.au/store/5/a/0/c/c2d1b3ea-d8aa-450a-a027-1cedab21c0a5/original,2020-10-15,NA,NA,NA,"long: 145.9276863188, lat: -17.9395066184",ptit-geof,NA,2021-04-07 13:20:29
https://images.ala.org.au/store/4/3/f/6/73d78ac0-512b-46d8-a2c3-0c9c2b0e6f34/original,2015-10-24,NA,NA,NA,"long: 151.3672166667, lat: -23.9419883333",dmontijo,NA,2021-04-07 13:20:29
https://images.ala.org.au/store/2/2/6/9/78092a04-6392-44e3-b6f3-7968f9989622/original,2018-10-11,NA,NA,NA,"long: 152.9, lat: -27.4",NA,NA,2021-04-07 13:20:29
https://images.ala.org.au/store/e/7/6/7/f5945d91-4df1-4a1b-9963-a876d676767e/original,2016-10-19,NA,NA,NA,"long: 153.5632734559, lat: -28.3459826648",trenttownsend,NA,2021-04-07 13:20:29
https://images.ala.org.au/store/5/8/7/a/cf149fea-8a34-4587-9b2e-772f5c3da785/original,2020-10-11,NA,NA,NA,"long: 152.9899404024, lat: -26.7463208816",ashleighjm,NA,2021-04-07 13:20:29
https://images.ala.org.au/store/2/d/5/2/39499706-a6dc-419b-8dc5-9fc2902725d2/original,2018-10-14,NA,NA,NA,"long: 153.6, lat: -28.2",NA,NA,2021-04-07 13:20:29
https://images.ala.org.au/store/2/c/a/a/565b48f4-3448-4778-a0d4-3e7ea4a0aac2/original,2018-10-01,NA,NA,NA,"long: 152.9, lat: -27.4",NA,NA,2021-04-07 13:20:29
https://images.ala.org.au/store/6/c/d/9/71b5101c-ff6a-4b09-8a71-98ad05729dc6/original,2020-10-29,NA,NA,NA,"long: 152.6961482286, lat: -25.5396292709",rsmalley,NA,2021-04-07 13:20:29
https://images.ala.org.au/store/3/3/d/5/19b8b869-7210-46b5-9b8c-2fcbf2845d33/original,2020-11-12,NA,NA,NA,"long: 153.0886928632, lat: -26.7735315378",orlandob,NA,2021-04-07 13:20:29
https://images.ala.org.au/store/9/c/d/9/197f7e70-9342-4bab-bc3b-7d9248d79dc9/original,2020-11-30,NA,NA,NA,"long: 153.0322333333, lat: -27.47485",friskyapple,NA,2021-04-07 13:20:29
https://images.ala.org.au/store/2/e/b/9/038671b1-0fea-4f8d-ba10-7cd3adc79be2/original,2019-11-24,NA,NA,NA,"long: 153.0, lat: -27.5",NA,NA,2021-04-07 13:20:29
https://images.ala.org.au/store/e/d/5/4/4ad5f39a-753a-48b7-b902-aaf6a58945de/original,2019-11-30,NA,NA,NA,"long: 145.086869, lat: -15.417581",nawocnai,NA,2021-04-07 13:20:29
https://images.ala.org.au/store/9/4/6/3/48ecca44-a33a-413b-859a-3a52b3033649/original,2012-11-05,NA,NA,NA,"long: 153.4589086719, lat: -27.5731138333",salamandersquad,NA,2021-04-07 13:20:29
https://images.ala.org.au/store/5/2/8/2/441af0b7-a71c-4b5e-9750-026d9a2c2825/original,2020-11-29,NA,NA,NA,"long: 153.1227140129, lat: -28.5947861201",gingernutfarm,NA,2021-04-07 13:20:29
https://images.ala.org.au/store/3/3/8/a/a778aecb-dafa-4c8f-baf0-08aced15a833/original,2018-11-23,NA,NA,NA,"long: 146.1532893, lat: -17.9445593",mj-berlin,NA,2021-04-07 13:20:29
https://images.ala.org.au/store/4/d/f/8/d29dba0c-8947-4bae-9013-d9e6e1b78fd4/original,2009-11-11,NA,NA,NA,"long: 131.309507, lat: -12.568032",sullivanribbit,NA,2021-04-07 13:20:29
https://images.ala.org.au/store/f/7/e/e/2ab2609d-897b-46eb-8a95-820e7abeee7f/original,2009-11-11,NA,NA,NA,NA,NA,NA,2021-04-07 13:20:29
https://images.ala.org.au/store/c/9/e/2/fbc74b67-fbdd-47b3-86be-72c2e0442e9c/original,2017-11-12,NA,NA,NA,"long: 153.0, lat: -27.5",NA,NA,2021-04-07 13:20:29
https://images.ala.org.au/store/e/5/5/9/83819e8c-e870-44f7-ba0f-a2209a38955e/original,2009-11-16,NA,NA,NA,"long: 132.5214777778, lat: -12.9059305556",sullivanribbit,NA,2021-04-07 13:20:29
https://images.ala.org.au/store/7/1/e/d/15460e19-df33-4fdc-adfc-0a4754efde17/original,2019-11-23,NA,NA,NA,"long: 152.8783, lat: -27.3883",nyoni-pete,NA,2021-04-07 13:20:29
https://images.ala.org.au/store/0/2/9/a/219fc530-255d-4eb2-9a77-161c0306a920/original,2018-11-04,NA,NA,NA,"long: 145.4513333333, lat: -17.457675",silversea_starsong,NA,2021-04-07 13:20:29
https://images.ala.org.au/store/7/3/c/6/43d53d53-ce73-4b86-a0f6-3670526f6c37/original,2013-11-13,NA,NA,NA,"long: 153.028717, lat: -27.474373",ryber,NA,2021-04-07 13:20:29
https://images.ala.org.au/store/e/d/1/a/5c095e74-72b1-4bd8-b99e-c43ad90ea1de/original,2017-11-02,NA,NA,NA,"long: 146.7537737952, lat: -19.3321714234",matthew_connors,NA,2021-04-07 13:20:29
https://images.ala.org.au/store/a/e/b/0/1364bfb8-a938-43fe-a437-16d5874a0bea/original,2020-11-03,NA,NA,NA,"long: 152.9557761454, lat: -27.5083527339",vickymills,NA,2021-04-07 13:20:29
https://images.ala.org.au/store/f/9/f/a/5ad84d67-5701-4933-86e2-77bf1dc9af9f/original,2017-11-21,NA,NA,NA,"long: 152.9, lat: -27.4",NA,NA,2021-04-07 13:20:29
https://images.ala.org.au/store/0/1/8/5/5d165345-c04f-4898-b8f8-9c2ee0745810/original,2017-11-22,NA,NA,NA,"long: 152.9135571735, lat: -27.3576471543",grisper,NA,2021-04-07 13:20:29
https://images.ala.org.au/store/6/6/3/d/17eeae31-451e-402a-95a2-af086729d366/original,2018-11-19,NA,NA,NA,"long: 145.7503773448, lat: -16.9019172032",vmoser,NA,2021-04-07 13:20:29
https://images.ala.org.au/store/c/1/9/d/bb2cb6b9-4996-4fa4-ae25-f44fc65fd91c/original,2018-11-19,NA,NA,NA,"long: 153.1348245016, lat: -27.4294335196",curio,NA,2021-04-07 13:20:29
https://images.ala.org.au/store/f/9/7/4/1650920a-80ef-4ecf-baca-263b8a20479f/original,2018-11-11,NA,NA,NA,"long: 153.000105, lat: -27.4365133333",silversea_starsong,NA,2021-04-07 13:20:29
https://images.ala.org.au/store/8/1/5/e/8b312362-00f7-4144-abd9-7ecdd766e518/original,2009-11-11,NA,NA,NA,NA,NA,NA,2021-04-07 13:20:29
https://images.ala.org.au/store/6/d/f/d/ecf893fc-3e7f-4eaf-b0a7-27da6e2bdfd6/original,2019-11-26,NA,NA,NA,"long: 145.69101679, lat: -16.78657521",nawocnai,NA,2021-04-07 13:20:29
https://images.ala.org.au/store/1/d/2/d/266d5375-b761-4b5d-8122-fa3ff6dcd2d1/original,2014-11-29,NA,NA,NA,"long: 145.360081, lat: -16.92467",paulopaixao,NA,2021-04-07 13:20:29
https://images.ala.org.au/store/3/3/f/e/baec81cd-4e83-4538-81e1-ed183e91ef33/original,2014-11-21,NA,NA,NA,"long: 146.114183, lat: -17.858835",dhobern,NA,2021-04-07 13:20:29
https://images.ala.org.au/store/a/0/f/d/6b3efe6a-e265-4147-a688-c90e8510df0a/original,2018-11-16,NA,NA,NA,"long: 151.8782675823, lat: -24.2246545403",substanz,NA,2021-04-07 13:20:29
https://images.ala.org.au/store/f/c/f/8/9a72499b-f289-49a8-9674-1d45042a8fcf/original,2013-11-23,NA,NA,NA,"long: 145.7486361, lat: -16.9031482",NA,NA,2021-04-07 13:20:29
https://images.ala.org.au/store/c/6/8/0/6e2748d2-67ae-401d-bf39-9296fd21086c/original,2009-11-11,NA,NA,NA,"long: 131.309507, lat: -12.568032",sullivanribbit,NA,2021-04-07 13:20:29
https://images.ala.org.au/store/d/f/4/9/f51359ec-5933-4453-a719-1e65447594fd/original,2012-11-15,NA,NA,NA,"long: 146.0927450115, lat: -17.894500749",sea-kangaroo,NA,2021-04-07 13:20:29
https://images.ala.org.au/store/8/6/4/7/f7b9be35-9d15-4d9d-938c-93f800087468/original,2020-11-20,NA,NA,NA,"long: 153.0089163551, lat: -26.7649838681",orlandob,NA,2021-04-07 13:20:29
https://images.ala.org.au/store/3/f/9/6/c900883c-18f0-4bb2-b24b-a9a2284f69f3/original,2007-11-08,NA,NA,NA,"long: 151.8502778, lat: -25.22060278",pjh123,NA,2021-04-07 13:20:29
https://images.ala.org.au/store/b/2/f/2/a8e320c7-22b6-4899-aa98-92c7676a2f2b/original,2019-11-15,NA,NA,NA,"long: 145.989245181, lat: -18.2402107043",aussiecreature,NA,2021-04-07 13:20:29
https://images.ala.org.au/store/5/0/8/c/54b6b17c-8ca4-459b-b2a6-b8cce5c5c805/original,2019-11-21,NA,NA,NA,"long: 145.5861876777, lat: -17.3540355523",aussiecreature,NA,2021-04-07 13:20:29
https://images.ala.org.au/store/6/1/2/1/6097383e-4a75-4450-a5fc-55db20bb1216/original,2020-11-21,NA,NA,NA,"long: 153.4295755062, lat: -28.1763843306",hotpotofnoodles,NA,2021-04-07 13:20:29
https://images.ala.org.au/store/f/7/1/0/a563bff1-62f9-40ca-bb00-95fd93fb017f/original,2019-11-11,NA,NA,NA,"long: 150.8222055328, lat: -23.2544971731",adrisl,NA,2021-04-07 13:20:29
https://images.ala.org.au/store/6/d/3/1/af4be839-6bc7-4f1a-b5d0-036467b513d6/original,2018-11-04,NA,NA,NA,"long: 146.0, lat: -17.5",NA,NA,2021-04-07 13:20:29
https://images.ala.org.au/store/1/b/5/8/3e68fe64-5dc6-4dd0-882b-84da1e8a85b1/original,2018-11-11,NA,NA,NA,"long: 153.0795733333, lat: -27.4003433333",silversea_starsong,NA,2021-04-07 13:20:29
https://images.ala.org.au/store/a/2/0/7/24841199-e8f6-472e-90c5-545a2d07702a/original,2016-11-23,NA,NA,NA,"long: 145.3712305556, lat: -16.9161805556",hemispingus,NA,2021-04-07 13:20:29
https://images.ala.org.au/store/4/9/1/d/8621703c-d00e-45e2-94b9-5aacd7abd194/original,2017-11-12,NA,NA,NA,"long: 152.981473, lat: -27.479561",emmaz,NA,2021-04-07 13:20:29
https://images.ala.org.au/store/a/7/e/0/354821cb-8476-4907-bd42-2d9c908c0e7a/original,2002-11-03,NA,NA,NA,"long: 145.3399801254, lat: -16.5939785927",woodridgejeff,NA,2021-04-07 13:20:29
https://images.ala.org.au/store/b/0/e/f/650b3424-533e-46d3-82f5-b3e44329fe0b/original,2019-11-07,NA,NA,NA,"long: 145.7374284127, lat: -17.0223750989",cesdamess,NA,2021-04-07 13:20:29
https://images.ala.org.au/store/1/a/f/1/2fb3b24d-744e-4212-9f51-33b71c811fa1/original,2013-11-07,NA,NA,NA,"long: 150.5183661454, lat: -23.3583395246",geofflot,NA,2021-04-07 13:20:29
https://images.ala.org.au/store/b/8/3/f/3dc03289-89b3-4128-bd88-2ea04e44f38b/original,2018-11-06,NA,NA,NA,"long: 141.13234519958496, lat: -5.9575584886074955",535,NA,2021-04-07 13:20:29
https://images.ala.org.au/store/6/6/8/1/5eac97db-e19e-4929-b377-7e6494a81866/original,2017-11-10,NA,NA,NA,"long: 153.0, lat: -27.5",NA,NA,2021-04-07 13:20:29
https://images.ala.org.au/store/1/f/5/c/cab7a7dd-5204-4c34-9e7f-1ab17303c5f1/original,2019-11-02,NA,NA,NA,"long: 153.0922270194, lat: -26.5217998773",jtweed,NA,2021-04-07 13:20:29
https://images.ala.org.au/store/9/f/d/6/91dc2d38-c54b-4bb8-9996-a7f64ed56df9/original,2017-11-24,NA,NA,NA,"long: 146.7537228332, lat: -19.3322106535",matthew_connors,NA,2021-04-07 13:20:29
https://images.ala.org.au/store/1/b/4/f/64ccc4eb-60bb-42fb-8391-7cfc2812f4b1/original,2012-11-17,NA,NA,NA,"long: 144.5711790432, lat: -18.2011809285",sea-kangaroo,NA,2021-04-07 13:20:29
https://images.ala.org.au/store/a/6/5/8/0e7fda6b-f362-4a95-b9fd-12503bd4856a/original,2020-11-10,NA,NA,NA,"long: 152.6907439008, lat: -26.6237435062",nevrowley,NA,2021-04-07 13:20:29
https://images.ala.org.au/store/9/4/e/7/155cc15f-7824-4612-8897-302673167e49/original,2017-11-25,NA,NA,NA,"long: 153.025179088, lat: -26.7288906095",helen_hudson,NA,2021-04-07 13:20:29
https://images.ala.org.au/store/1/4/2/0/1964b838-a02b-45ac-bd01-367b09940241/original,2017-11-22,NA,NA,NA,"long: 146.7538938903, lat: -19.3330153444",matthew_connors,NA,2021-04-07 13:20:29
https://images.ala.org.au/store/2/2/a/b/3161f7b9-b849-4da8-bddc-5c23f0d6ba22/original,2018-11-25,NA,NA,NA,"long: 148.71162384, lat: -20.40793248",seanhaughian,NA,2021-04-07 13:20:29
https://images.ala.org.au/store/9/2/c/8/e6d40511-ea86-410e-8f89-952f74ad8c29/original,2020-11-03,NA,NA,NA,"long: 146.3764631376, lat: -19.0899712368",sbarton16,NA,2021-04-07 13:20:29
https://images.ala.org.au/store/0/f/b/5/4e080179-de48-4f40-9a20-da3269fe5bf0/original,2020-11-01,NA,NA,NA,"long: 146.4370005025, lat: -19.3939658847",seamus-doherty,NA,2021-04-07 13:20:29
https://images.ala.org.au/store/3/5/9/e/ae342bc4-79ea-4e5f-8608-2eca8c4ae953/original,2016-11-21,NA,NA,NA,"long: 145.6355444444, lat: -17.2860444444",hemispingus,NA,2021-04-07 13:20:29
https://images.ala.org.au/store/8/f/b/a/0aebf07e-9a2d-4a89-adfe-bb3ee019abf8/original,2015-11-24,NA,NA,NA,"long: 152.9605030641, lat: -27.4776985982",claudiarose,NA,2021-04-07 13:20:29
https://images.ala.org.au/store/a/0/4/2/428244f9-6cba-4633-b132-ecfcbbac240a/original,2017-11-15,NA,NA,NA,"long: 145.7479143, lat: -16.8994681",yawwhite,NA,2021-04-07 13:20:29
https://images.ala.org.au/store/3/0/3/d/3793d3e3-ac10-438a-acfc-23079af4d303/original,2019-11-14,NA,NA,NA,"long: 153.5622166667, lat: -28.3676333333",wingspanner,NA,2021-04-07 13:20:29
https://images.ala.org.au/store/0/6/0/c/b4c9043e-c2f6-424e-b763-179c19f9c060/original,2017-11-03,NA,NA,NA,"long: 153.0, lat: -27.5",NA,NA,2021-04-07 13:20:29
https://images.ala.org.au/store/7/5/f/6/01b0513d-92b0-4cd0-850f-e3251fbd6f57/original,2017-11-22,NA,NA,NA,"long: 152.9, lat: -27.4",NA,NA,2021-04-07 13:20:29
https://images.ala.org.au/store/2/c/9/e/a3b977d1-1d24-4143-a38b-06ca3af0e9c2/original,2004-11-09,NA,NA,NA,"long: 145.7069869899, lat: -16.9444982317",fotografianomada,NA,2021-04-07 13:20:29
https://images.ala.org.au/store/4/d/6/7/d9ce57fc-b24a-43c6-91c9-a7cf8dc276d4/original,2020-11-28,NA,NA,NA,"long: 153.3118694444, lat: -27.6320027778",sophiee,NA,2021-04-07 13:20:29
https://images.ala.org.au/store/8/5/f/d/9c2a9271-ca98-4e2c-97dc-4d06cea0df58/original,2018-11-14,NA,NA,NA,"long: 130.8392566667, lat: -12.4618966667",colintrainor,NA,2021-04-07 13:20:29
https://images.ala.org.au/store/a/f/b/3/85cf852e-8a0a-4749-9d45-d4d33da93bfa/original,2018-11-11,NA,NA,NA,"long: 153.0790383333, lat: -27.4043583333",silversea_starsong,NA,2021-04-07 13:20:29
https://images.ala.org.au/store/e/f/6/6/45310926-00c8-41c9-9d44-f72ab13d66fe/original,2017-11-15,NA,NA,NA,"long: 145.7479143, lat: -16.8994681",yawwhite,NA,2021-04-07 13:20:29
https://images.ala.org.au/store/3/c/0/f/09602933-3cfb-4258-be34-381d042ef0c3/original,2018-11-26,NA,NA,NA,"long: 145.694909, lat: -16.848724",mj-berlin,NA,2021-04-07 13:20:29
https://images.ala.org.au/store/7/6/d/0/6f845442-bd53-4ce4-ab97-eace1ba40d67/original,2017-11-21,NA,NA,NA,"long: 152.8335217151, lat: -27.4333626187",madhra,NA,2021-04-07 13:20:29
https://images.ala.org.au/store/3/5/1/f/eaaa7855-de22-4937-ae13-ec5f0930f153/original,2020-11-24,NA,NA,NA,"long: 153.5623333333, lat: -28.3676666667",wingspanner,NA,2021-04-07 13:20:29
https://images.ala.org.au/store/6/7/5/a/dfeaa75e-b8b5-42a5-84de-c307be5aa576/original,2020-11-01,NA,NA,NA,"long: 146.4370005025, lat: -19.3939658847",seamus-doherty,NA,2021-04-07 13:20:29
https://images.ala.org.au/store/8/2/7/0/083af9c6-285a-497a-a7ca-e3e05e2f0728/original,2016-11-17,NA,NA,NA,"long: 145.6366729736, lat: -16.8024997711",micrathene,NA,2021-04-07 13:20:29
https://images.ala.org.au/store/c/9/d/4/ace0a4e1-7cf0-446f-be69-fb567c564d9c/original,2020-11-24,NA,NA,NA,"long: 153.5624166667, lat: -28.36765",wingspanner,NA,2021-04-07 13:20:29
https://images.ala.org.au/store/5/4/8/9/8a643608-3b4a-408b-98bf-9b0910939845/original,2014-11-13,NA,NA,NA,"long: 146.77349, lat: -19.260812",ctnash,NA,2021-04-07 13:20:29
https://images.ala.org.au/store/f/3/8/9/ac84ed23-c951-452c-a4bd-62bbcb65983f/original,2019-11-01,NA,NA,NA,"long: 145.686291, lat: -16.8353525",apteryxrowi,NA,2021-04-07 13:20:29
https://images.ala.org.au/store/6/f/7/d/ab9d9463-510c-496b-bb08-5e83d733d7f6/original,2010-11-14,NA,NA,NA,"long: 152.9544489323, lat: -26.7764080673",juhakinnunen,NA,2021-04-07 13:20:29
https://images.ala.org.au/store/3/6/d/b/2c8b7310-b8e2-4c6d-8c35-507d00a3bd63/original,2020-11-06,NA,NA,NA,"long: 153.0, lat: -27.5",NA,NA,2021-04-07 13:20:29
https://images.ala.org.au/store/a/8/6/0/8004a0ae-14a4-4d7a-98c2-725d318c068a/original,2018-11-02,NA,NA,NA,"long: 145.748895, lat: -16.9024666667",rkostecke,NA,2021-04-07 13:20:29
https://images.ala.org.au/store/c/4/3/5/a2095a5b-514a-476c-94c3-eca46d49534c/original,2018-11-15,NA,NA,NA,"long: 130.8, lat: -12.5",NA,NA,2021-04-07 13:20:29
https://images.ala.org.au/store/3/7/7/6/9690850d-20bb-41db-80ee-feb82aee6773/original,2018-11-11,NA,NA,NA,"long: 153.0789782481, lat: -27.4043743825",silversea_starsong,NA,2021-04-07 13:20:29
https://images.ala.org.au/store/a/5/5/2/bb598ec4-819b-48e2-92e5-6cf6ccb1255a/original,2017-11-10,NA,NA,NA,"long: 153.1590394865, lat: -27.4635950582",grisper,NA,2021-04-07 13:20:29
https://images.ala.org.au/store/4/e/b/4/902c30d5-513f-45d9-8927-4306b6b34be4/original,2018-11-23,NA,NA,NA,"long: 145.573741281, lat: -17.2860213",vmoser,NA,2021-04-07 13:20:29
https://images.ala.org.au/store/3/0/6/1/8922c4d0-b124-4e1c-9672-1aed9f221603/original,2017-11-25,NA,NA,NA,"long: 153.1, lat: -26.7",NA,NA,2021-04-07 13:20:29
https://images.ala.org.au/store/7/b/2/c/2aa72395-cb17-4f0b-9188-354e7ec2c2b7/original,NA,NA,NA,NA,NA,NA,NA,2021-04-07 13:20:29
https://images.ala.org.au/store/4/9/d/6/2c5de5a0-c5d8-4483-bd11-d2bbf40f6d94/original,NA,NA,NA,NA,NA,NA,NA,2021-04-07 13:20:29
https://images.ala.org.au/store/e/a/b/f/dd92c8fc-6f37-4487-af6e-cc1ffe2afbae/original,NA,NA,NA,NA,NA,NA,NA,2021-04-07 13:20:29
https://images.ala.org.au/store/b/2/a/4/662b6774-1242-4f80-9b9f-df7d5d854a2b/original,NA,NA,NA,NA,NA,NA,NA,2021-04-07 13:20:29
https://images.ala.org.au/store/c/2/c/5/34ffe2fb-cd07-4533-9517-59357f175c2c/original,NA,NA,NA,NA,NA,NA,NA,2021-04-07 13:20:29
https://images.ala.org.au/store/b/4/8/c/70b4e7df-abdd-49cc-a2b8-9f14f9f9c84b/original,NA,NA,NA,NA,NA,NA,NA,2021-04-07 13:20:29
https://images.ala.org.au/store/0/c/9/5/dc80ebe3-2faf-4418-8f3a-f88aeccc59c0/original,NA,NA,NA,NA,NA,NA,NA,2021-04-07 13:20:29
https://images.ala.org.au/store/d/d/4/e/612273fe-cb35-445b-9485-85fdd05fe4dd/original,NA,NA,NA,NA,NA,NA,NA,2021-04-07 13:20:29
https://images.ala.org.au/store/1/9/3/4/37cbe9ec-d035-45ed-824b-65d548a04391/original,NA,NA,NA,NA,NA,NA,NA,2021-04-07 13:20:29
https://images.ala.org.au/store/e/d/a/4/b587923d-6a2d-4f24-bf69-a10fac834ade/original,NA,NA,NA,NA,NA,NA,NA,2021-04-07 13:20:29
https://images.ala.org.au/store/1/c/1/9/b87e2b32-3701-4f5e-8601-d3d1da5191c1/original,NA,NA,NA,NA,NA,NA,NA,2021-04-07 13:20:29
https://images.ala.org.au/store/8/d/c/b/138ba998-6211-4288-9ad8-c13dcf15bcd8/original,NA,NA,NA,NA,NA,NA,NA,2021-04-07 13:20:29
https://images.ala.org.au/store/5/a/6/8/dae77270-4470-416e-928f-079e479686a5/original,NA,NA,NA,NA,NA,NA,NA,2021-04-07 13:20:29
https://images.ala.org.au/store/7/e/9/1/51416a72-99e0-4215-b7b0-59c8e16619e7/original,2018-01-27,NA,NA,NA,"long: 152.9, lat: -27.5",NA,NA,2021-04-07 13:20:29
https://images.ala.org.au/store/7/4/c/d/2d8585e6-bb10-4c2e-9d69-435abc79dc47/original,2019-01-27,NA,NA,NA,"long: 153.3, lat: -28.0",NA,NA,2021-04-07 13:20:29
https://images.ala.org.au/store/3/8/0/6/f49675ff-2fe7-4522-b9b6-35201f156083/original,2019-01-08,NA,NA,NA,"long: 152.584595, lat: -25.7286833333",salatamista,NA,2021-04-07 13:20:29
https://images.ala.org.au/store/a/4/e/9/45d1a422-9f10-43b6-8f1e-ce1816769e4a/original,2019-01-18,NA,NA,NA,"long: 153.4, lat: -28.5",NA,NA,2021-04-07 13:20:29
https://images.ala.org.au/store/8/f/d/a/5bb31935-78ce-4b66-876e-9126f230adf8/original,2021-01-02,NA,NA,NA,"long: 153.0634844, lat: -27.3161935",tuppsnz,NA,2021-04-07 13:20:29
https://images.ala.org.au/store/9/8/2/4/4e28f95a-1bf1-46db-9b60-ac297cb34289/original,2017-01-09,NA,NA,NA,"long: 153.5, lat: -28.7",NA,NA,2021-04-07 13:20:29
https://images.ala.org.au/store/7/2/d/8/9d35275d-58cd-4ab6-a062-2ba355978d27/original,2017-01-06,NA,NA,NA,"long: 145.7041684, lat: -16.8274593",28769,NA,2021-04-07 13:20:29
https://images.ala.org.au/store/6/6/f/1/21e2ccf2-d55d-4ba3-93fc-c7eeb8161f66/original,2020-01-24,NA,NA,NA,"long: 151.2549783333, lat: -23.89604",thebeachcomber,NA,2021-04-07 13:20:29
https://images.ala.org.au/store/6/c/8/6/9eaa1152-558f-4b90-a893-b254415d68c6/original,2019-01-29,NA,NA,NA,"long: 153.0254101753235, lat: -26.398558470541982",28769,NA,2021-04-07 13:20:29
https://images.ala.org.au/store/8/a/e/f/2af383f1-0ad4-423e-b6cf-ec034d38fea8/original,2016-01-21,NA,NA,NA,"long: 152.0918133583, lat: -27.4810632346",jeff_melvaine,NA,2021-04-07 13:20:29
https://images.ala.org.au/store/d/0/9/4/eb6e096c-9ff7-403a-8851-ccf237ac490d/original,2019-01-19,NA,NA,NA,"long: 145.4187783333, lat: -16.2262383333",smilelynaomi,NA,2021-04-07 13:20:29
https://images.ala.org.au/store/8/5/5/3/2fa6a2e8-442f-464a-b154-59947a0c3558/original,2020-01-18,NA,NA,NA,"long: 152.8770281491, lat: -27.1528872184",auradyme,NA,2021-04-07 13:20:29
https://images.ala.org.au/store/e/5/3/5/878ba316-d98e-47fe-9a8b-cd09faf3535e/original,2019-01-31,NA,NA,NA,"long: 152.9, lat: -27.6",NA,NA,2021-04-07 13:20:29
https://images.ala.org.au/store/6/c/3/5/74aaba4a-7818-4db6-a5a5-3b160e2a53c6/original,2021-01-28,NA,NA,NA,"long: 153.2289254306, lat: -29.3143719",cesdamess,NA,2021-04-07 13:20:29
https://images.ala.org.au/store/3/9/d/4/1762646f-214f-49e4-9c75-9752340e4d93/original,2009-01-25,NA,NA,NA,"long: 152.8583922704, lat: -27.2685233652",rich_fuller,NA,2021-04-07 13:20:29
https://images.ala.org.au/store/f/9/b/c/679287b9-4282-4f62-905d-42e2aed4cb9f/original,2018-01-07,NA,NA,NA,"long: 152.8810683333, lat: -27.4562716667",rich_fuller,NA,2021-04-07 13:20:29
https://images.ala.org.au/store/2/1/e/8/6974e75f-d596-4bd1-9edc-d514dbba8e12/original,2021-01-11,NA,NA,NA,"long: 152.5962478799, lat: -25.346257625",taylah-who,NA,2021-04-07 13:20:29
https://images.ala.org.au/store/a/c/0/0/54a6d3e4-cc95-4692-994e-c2ff7db700ca/original,2018-01-01,NA,NA,NA,"long: 153.1, lat: -25.9",NA,NA,2021-04-07 13:20:29
https://images.ala.org.au/store/3/5/e/6/7868d062-e80c-42d2-9fef-27df92456e53/original,2018-01-25,NA,NA,NA,"long: 130.8, lat: -12.5",NA,NA,2021-04-07 13:20:29
https://images.ala.org.au/store/e/1/e/b/d0154189-087b-4228-9013-153c2688be1e/original,2019-01-24,NA,NA,NA,"long: 153.3, lat: -28.7",NA,NA,2021-04-07 13:20:29
https://images.ala.org.au/store/f/c/1/6/255c0fe3-8f6b-4c53-8e27-99454a5a61cf/original,2017-01-17,NA,NA,NA,"long: 148.9558553696, lat: -20.3592729607",smilelynaomi,NA,2021-04-07 13:20:29
https://images.ala.org.au/store/7/0/8/f/2dcb24f3-96fb-4531-9a2f-3e02f67ff807/original,2015-01-03,NA,NA,NA,"long: 145.422689, lat: -16.219288",sandboa,NA,2021-04-07 13:20:29
https://images.ala.org.au/store/4/4/b/8/5972f2d9-bead-4176-bb00-5b930b568b44/original,2019-01-02,NA,NA,NA,"long: 152.7, lat: -27.5",NA,NA,2021-04-07 13:20:29
https://images.ala.org.au/store/c/1/9/9/00a9de1f-c132-40c3-a400-37a392ad991c/original,2021-01-05,NA,NA,NA,"long: 152.3488645, lat: -24.8660809",tuppsnz,NA,2021-04-07 13:20:29
https://images.ala.org.au/store/0/1/7/4/2f409d65-39df-4fa2-9577-8b1878054710/original,2019-01-27,NA,NA,NA,"long: 145.4, lat: -17.0",NA,NA,2021-04-07 13:20:29
https://images.ala.org.au/store/5/f/b/4/73ce9255-d879-49e2-868e-1dc9a2334bf5/original,2014-01-06,NA,NA,NA,"long: 145.7391625, lat: -16.844501",NA,NA,2021-04-07 13:20:29
https://images.ala.org.au/store/3/7/4/5/1255f194-c1cd-465d-ab08-538bab0a5473/original,2019-01-03,NA,NA,NA,"long: 153.3022254663, lat: -27.5819169378",adlaurie,NA,2021-04-07 13:20:29
https://images.ala.org.au/store/d/9/9/2/47682815-d8d3-4272-bc25-7be3686f299d/original,2021-01-15,NA,NA,NA,"long: 153.1, lat: -27.3",NA,NA,2021-04-07 13:20:29
https://images.ala.org.au/store/e/1/d/4/43026100-53ae-4de6-9379-13009d8d4d1e/original,2019-01-11,NA,NA,NA,"long: 149.1, lat: -21.0",NA,NA,2021-04-07 13:20:29
https://images.ala.org.au/store/7/f/9/8/6a9b3acf-ae5e-494f-988d-2ad2988989f7/original,2018-01-09,NA,NA,NA,"long: 153.0375386, lat: -26.3796453",NA,NA,2021-04-07 13:20:29
https://images.ala.org.au/store/c/a/b/5/8bee5133-2974-48c9-8d9d-42d15eaa5bac/original,2021-01-26,NA,NA,NA,"long: 148.6316783333, lat: -21.1393458333",aussiecreature,NA,2021-04-07 13:20:29
https://images.ala.org.au/store/3/d/6/4/0ba9d586-724b-4afd-9b02-76547ede46d3/original,2020-01-18,NA,NA,NA,"long: 152.5, lat: -27.4",NA,NA,2021-04-07 13:20:29
https://images.ala.org.au/store/1/d/b/1/b49cb21f-021e-4cd8-968a-5981b67e1bd1/original,2020-01-03,NA,NA,NA,"long: 145.54818667, lat: -16.79807",edward137,NA,2021-04-07 13:20:29
https://images.ala.org.au/store/2/b/9/e/7f35f30c-c5c1-4c2b-83c1-970f5901e9b2/original,2017-01-03,NA,NA,NA,"long: 153.0, lat: -27.5",NA,NA,2021-04-07 13:20:29
https://images.ala.org.au/store/5/f/a/2/2fe5526c-8ef5-4a03-a980-381fb7da2af5/original,2019-01-27,NA,NA,NA,"long: 152.9647216667, lat: -27.3980683333",rich_fuller,NA,2021-04-07 13:20:29
https://images.ala.org.au/store/c/9/2/3/0a60658c-80e2-402e-84c4-6fc70a38329c/original,2015-01-22,NA,NA,NA,"long: 143.882508, lat: -18.0561183",garywwilson,NA,2021-04-07 13:20:29
https://images.ala.org.au/store/9/b/5/b/dcd8b9d0-6b69-4193-89fa-d07d3a86b5b9/original,2016-01-01,NA,NA,NA,"long: 152.9, lat: -27.4",NA,NA,2021-04-07 13:20:29
https://images.ala.org.au/store/e/9/4/7/8013e3d8-b5a5-420c-b00a-2994d741749e/original,2019-01-15,NA,NA,NA,"long: -61.2, lat: 10.3",NA,NA,2021-04-07 13:20:29
https://images.ala.org.au/store/6/b/3/5/0f555f19-3ca3-4a72-b6f6-76593eec53b6/original,2021-01-14,NA,NA,NA,"long: 145.6, lat: -16.8",NA,NA,2021-04-07 13:20:29
https://images.ala.org.au/store/c/9/a/5/31bbc154-ebd7-428e-9c64-b0cf41825a9c/original,2019-01-25,NA,NA,NA,"long: 145.4, lat: -17.0",NA,NA,2021-04-07 13:20:29
https://images.ala.org.au/store/5/1/2/c/16cc29b5-1e01-40a6-b408-ccc9089bc215/original,2018-01-30,NA,NA,NA,"long: 132.7902984619, lat: -12.866060257",colintrainor,NA,2021-04-07 13:20:29
https://images.ala.org.au/store/2/9/7/b/f144db2e-0b7e-4dff-a7e9-e25a6dbab792/original,2020-01-26,NA,NA,NA,"long: 152.9866777778, lat: -27.5905027778",friskyapple,NA,2021-04-07 13:20:29
https://images.ala.org.au/store/0/2/a/f/2db59ef0-0c83-46a9-adca-5bd7fa0afa20/original,2021-01-14,NA,NA,NA,"long: 153.4573638564, lat: -28.3981352389",nicklambert,NA,2021-04-07 13:20:29
https://images.ala.org.au/store/3/b/a/5/e189f44e-8933-4644-b0a9-e794f9d85ab3/original,2019-01-27,NA,NA,NA,"long: 145.7446333783, lat: -16.8452715172",coenobita,NA,2021-04-07 13:20:29
https://images.ala.org.au/store/8/6/5/4/20d80f3d-8ba4-4752-a137-6dfaebdc4568/original,2019-01-31,NA,NA,NA,"long: 145.4, lat: -17.0",NA,NA,2021-04-07 13:20:29
https://images.ala.org.au/store/e/b/8/0/0feda33e-a64c-4112-a6cf-875d98ef08be/original,2021-01-20,NA,NA,NA,"long: 153.1232226267, lat: -28.5923053393",gingernutfarm,NA,2021-04-07 13:20:29
https://images.ala.org.au/store/e/3/6/2/0a3cfa5f-ff86-47b3-8a7d-8e9bb3f0263e/original,2020-01-01,NA,NA,NA,"long: 153.1775766667, lat: -27.552605",rich_fuller,NA,2021-04-07 13:20:29
https://images.ala.org.au/store/4/3/c/4/c36065fc-e3b3-4e79-a5ec-5ca3f6794c34/original,2018-01-01,NA,NA,NA,"long: 152.990979636, lat: -27.5364932235",rich_fuller,NA,2021-04-07 13:20:29
https://images.ala.org.au/store/d/5/9/6/278ce91a-cf7a-4dbb-9dd8-8d663a74695d/original,2020-01-01,NA,NA,NA,"long: 152.6513442536, lat: -26.3543213963",charmainet,NA,2021-04-07 13:20:29
https://images.ala.org.au/store/2/c/a/5/568e010e-21c7-455e-a2a7-8f73e5f15ac2/original,2020-01-07,NA,NA,NA,"long: 145.550095, lat: -16.796675",edward137,NA,2021-04-07 13:20:29
https://images.ala.org.au/store/8/1/1/2/e8a5cdae-90d6-4545-8eda-b0b59dc42118/original,2004-01-10,NA,NA,NA,"long: 145.4422859292, lat: -16.2945510667",cotinga,NA,2021-04-07 13:20:29
https://images.ala.org.au/store/1/e/d/1/50e18cfc-7f99-4d87-bc43-5fc8cf351de1/original,2019-01-17,NA,NA,NA,"long: 152.9, lat: -27.7",NA,NA,2021-04-07 13:20:29
https://images.ala.org.au/store/8/9/6/7/2a02cd51-f7c8-4df4-8695-15ad76d47698/original,2020-01-01,NA,NA,NA,"long: 145.552825, lat: -16.79571333",edward137,NA,2021-04-07 13:20:29
https://images.ala.org.au/store/9/5/5/9/1211de5a-2ec4-47e9-b775-afa1c3819559/original,2021-01-24,NA,NA,NA,"long: 152.9441083333, lat: -26.9247333333",afdexter,NA,2021-04-07 13:20:29
https://images.ala.org.au/store/1/4/0/9/58a06d48-3866-4888-9c36-997ef9999041/original,2021-01-14,NA,NA,NA,"long: 148.9, lat: -20.4",NA,NA,2021-04-07 13:20:29
https://images.ala.org.au/store/6/b/2/2/4ddcab1b-9879-4237-88fa-720aaa9e22b6/original,2015-01-27,NA,NA,NA,"long: 145.63659, lat: -16.802487",kucycads,NA,2021-04-07 13:20:29
https://images.ala.org.au/store/7/0/f/1/771d5b49-85f8-416b-acab-70c10f551f07/original,2020-01-21,NA,NA,NA,"long: 145.50346333, lat: -17.33240833",edward137,NA,2021-04-07 13:20:29
