image url,microsoft azure labels,gluon labels,google label description,google object detection
https://preview.redd.it/uzpzp0dtend61.jpg?width=600&format=pjpg&auto=webp&s=28ee57dfe129f73475b95e4b1c12d2910b9a0284,"['text', 'screenshot', 'design', 'games', 'internet', 'illustration', 'calendar']",['slot'],"['Rectangle', 'Gambling', 'Font', 'Plant', 'Games', 'Card game', 'Parallel', 'Recreation', 'Casino', 'Pattern']",['Toy']
https://preview.redd.it/6bc5x6zwend61.jpg?width=600&format=pjpg&auto=webp&s=c46244357066a57635272d995c07235c72b3103f,"['text', 'cartoon', 'design', 'screenshot', 'illustration', 'vector', 'internet', 'graphic', 'sign']",['web site'],"['Rectangle', 'Font', 'Line', 'Red', 'Parallel', 'Pattern', 'Circle', 'Number', 'Games', 'Terrestrial plant']",['Toy']
https://preview.redd.it/p251re93fnd61.jpg?width=600&format=pjpg&auto=webp&s=9521b0ca4458c88d6cd679fdcaf37b4a151a5479,"['text', 'cartoon', 'screenshot']",['slot'],"['Vertebrate', 'Gambling', 'Mammal', 'Rectangle', 'Indoor games and sports', 'Casino', 'Font', 'Recreation', 'Card game', 'Baize']",['Toy']
https://preview.redd.it/1hydbd93fnd61.jpg?width=600&format=pjpg&auto=webp&s=588e8636d70c42b2b914e70a77581629b3edc8be,"['text', 'screenshot', 'design', 'cartoon', 'internet', 'graphic', 'vector', 'illustration', 'clipart', 'vector graphics']",['slot'],"['Green', 'Baize', 'Rectangle', 'Gambling', 'Red', 'Indoor games and sports', 'Casino', 'Font', 'Card game', 'Recreation']",['Toy']
https://preview.redd.it/u62f87euend61.jpg?width=600&format=pjpg&auto=webp&s=073fd04a2eea40447c0b030072ece279293ffca5,"['cartoon', 'text', 'design', 'illustration', 'graphic', 'screenshot', 'vector', 'vector graphics', 'clipart']","['slot', 'envelope', 'web site']","['Baize', 'Product', 'Rectangle', 'Gambling', 'Font', 'Red', 'Indoor games and sports', 'Recreation', 'Pattern', 'Card game']",['Toy']
https://preview.redd.it/650mlj93fnd61.jpg?width=600&format=pjpg&auto=webp&s=683c006a12bdf74ad8921bd619fed40a8fb14405,"['text', 'design', 'screenshot', 'graphic', 'illustration', 'cartoon']",['slot'],"['Baize', 'Rectangle', 'Gambling', 'Font', 'Recreation', 'Card game', 'Pattern', 'Casino', 'Indoor games and sports', 'Number']",['Toy']
https://preview.redd.it/wbkhlyawend61.jpg?width=600&format=pjpg&auto=webp&s=062ced3c363b906d2a0145ac742cccd257092c30,"['cartoon', 'illustration', 'text', 'design', 'graphic', 'painted']",['slot'],"['Green', 'Rectangle', 'Baize', 'Textile', 'Gambling', 'Indoor games and sports', 'Line', 'Font', 'Red', 'Card game']",['Toy']
https://preview.redd.it/iegylgwktj161.jpg?width=768&format=pjpg&auto=webp&s=4857ec84dc8bdcbd9fbb0fcab21acdbca59a2efa,"['airplane', 'indoor', 'floor', 'plane', 'aerospace manufacturer', 'vehicle', 'aviation', 'aeroplane', 'air', 'airshow', 'propeller-driven aircraft', 'aerospace engineering', 'propeller', 'fighter aircraft', 'jet', 'military aircraft', 'force', 'jet aircraft', 'monoplane', 'hangar', 'general aviation', 'air force', 'supersonic aircraft', 'light aircraft', 'aircraft', 'fighter']",['warplane'],"['Tire', 'Wheel', 'Aircraft', 'Airplane', 'Vehicle', 'Propeller', 'Aerospace manufacturer', 'Monoplane', 'Propeller-driven aircraft']","['Airplane', 'Window']"
https://preview.redd.it/4vf7k42kuj161.jpg?width=800&format=pjpg&auto=webp&s=d159cd3c19a3036babd16ac9dfbd4e5eae093412,"['outdoor', 'plane', 'vehicle', 'grass', 'aircraft', 'field', 'black and white', 'aerospace manufacturer', 'old', 'aviation', 'aeroplane', 'propeller-driven aircraft', 'air', 'propeller', 'monoplane', 'general aviation', 'airplane', 'military aircraft', 'light aircraft', 'vintage', 'helicopter', 'fighter']",['warplane'],"['Aircraft', 'Vehicle', 'Airplane', 'Monoplane', 'Wheel', 'Propeller', 'Aerospace manufacturer', 'Military aircraft', 'Aviation']",['Airplane']
https://preview.redd.it/74t1iod5uj161.png?width=861&format=png&auto=webp&s=bf5cd6578801c9048c02c252e4076f9c06830609,"['text', 'map', 'sketch', 'drawing', 'diagram']",[],"['Line', 'Vehicle', 'Parallel', 'Font', 'Engineering', 'Schematic', 'Technical drawing', 'Drawing', 'Rectangle', 'Aircraft']",['Airplane']
https://preview.redd.it/kffkrjwktj161.jpg?width=1091&format=pjpg&auto=webp&s=43fa6bb925be11c2d7e71bca246edb7e110937aa,"['outdoor', 'aircraft', 'snow', 'airplane', 'vehicle', 'aviation', 'day']","['warplane', 'aircraft carrier']","['Aircraft', 'Sky', 'Airplane', 'Aviation', 'Vehicle', 'Aerospace manufacturer', 'Military aircraft', 'Fighter aircraft', 'Propeller', 'Monoplane']",['Airplane']
https://preview.redd.it/251e2hwktj161.jpg?width=700&format=pjpg&auto=webp&s=2d946c0ff30da06402a9603bcd922a04571cacce,"['grass', 'outdoor', 'plane', 'sky', 'field', 'vehicle', 'aeroplane', 'aircraft', 'aerospace manufacturer', 'propeller-driven aircraft', 'old', 'grassy', 'aviation', 'propeller', 'air', 'airplane', 'monoplane', 'light aircraft', 'general aviation', 'military aircraft', 'airfield', 'vintage', 'fighter']",['warplane'],"['Aircraft', 'Monoplane', 'Airplane', 'Aerospace manufacturer', 'Propeller', 'Tire', 'Propeller-driven aircraft', 'Military aircraft', 'Aviation']","['Airplane', 'Wheel']"
https://preview.redd.it/mxf83rrcsj161.jpg?width=900&format=pjpg&auto=webp&s=4151d936a5979656488f2c6e5a790e7f32e4dab9,"['plane', 'outdoor', 'sky', 'airplane', 'vehicle', 'aerospace manufacturer', 'old', 'aviation', 'propeller-driven aircraft', 'propeller', 'field', 'transport', 'aerospace engineering', 'monoplane', 'parked', 'military aircraft', 'aeroplane', 'general aviation', 'fighter aircraft', 'jet aircraft', 'aircraft', 'air', 'air force', 'light aircraft', 'turboprop', 'douglas c-47 skytrain', 'vintage', 'tarmac']",['warplane'],"['Aircraft', 'Vehicle', 'Monoplane', 'Airplane', 'Wheel', 'Aviation', 'Propeller', 'Aerospace manufacturer', 'Propeller-driven aircraft']","['Airplane', 'Wheel']"
https://preview.redd.it/es3igzjbuj161.png?width=1533&format=png&auto=webp&s=fec44fc813d02d850f16777561d15768ce87aebd,"['text', 'black and white', 'train', 'engine', 'projector']",['tank'],"['Black', 'Automotive design', 'Motor vehicle', 'Black-and-white', 'Font', 'Automotive tire', 'Engineering', 'Monochrome photography', 'Monochrome', 'Auto part']","['Poster', 'Person']"
https://preview.redd.it/ezwt4lwktj161.png?width=809&format=png&auto=webp&s=a32fe9d29176d9c3dcfb915ca7d1800869215e8e,"['outdoor', 'aircraft', 'airplane', 'vehicle', 'plane', 'aviation']",['warplane'],"['Wheel', 'Tire', 'Aircraft', 'Airplane', 'Working animal', 'Aerospace manufacturer', 'Propeller', 'Aviation', 'Art', 'Vehicle']","['Wheel', 'Airplane']"
https://preview.redd.it/xtyd9hwktj161.jpg?width=900&format=pjpg&auto=webp&s=c98ba9c821a80bf2500cdb1cc13c5860369bc4b8,"['airplane', 'outdoor', 'sky', 'aerospace manufacturer', 'plane', 'propeller-driven aircraft', 'vehicle', 'aviation', 'propeller', 'monoplane', 'military aircraft', 'fighter aircraft', 'general aviation', 'black', 'aerospace engineering', 'old', 'jet aircraft', 'light aircraft', 'air', 'air force', 'air racing', 'biplane', 'turboprop', 'aeroplane', 'aircraft', 'vintage']",['warplane'],"['Aircraft', 'Vehicle', 'Airplane', 'Aerospace manufacturer', 'Propeller', 'Aviation', 'Propeller-driven aircraft', 'Military aircraft', 'Monoplane']",['Airplane']
https://preview.redd.it/zti6wrwktj161.jpg?width=800&format=pjpg&auto=webp&s=3e2d780c0ed43759a7756b436134ceb3bbf9ce92,"['grass', 'outdoor', 'sky', 'field', 'vehicle', 'motorcycle', 'wheel', 'land vehicle', 'auto part', 'tire', 'motorbike', 'person', 'old', 'aircraft', 'fighter']",['cannon'],"['Tire', 'Wheel', 'Cloud', 'Sky', 'Vehicle', 'Automotive tire', 'Aircraft', 'Monoplane', 'Airplane', 'Propeller']","['Wheel', 'Motorcycle', 'Airplane', 'Person', 'Clothing', 'Tire']"
https://preview.redd.it/1j1p22e4uj161.png?width=844&format=png&auto=webp&s=1fe69a950231600e0c163f0dc6a61876220ac7cc,"['text', 'map', 'sketch', 'drawing', 'diagram']",['crossword puzzle'],"['Vehicle', 'White', 'Aircraft', 'Airplane', 'Line', 'Aviation', 'Parallel', 'Aerospace manufacturer', 'Drawing', 'Wing']",['Airplane']
https://i.redd.it/1taptpuxtcr51.jpg,"['outdoor', 'insect', 'invertebrate', 'animal', 'spider', 'brick', 'beetle']",['hummingbird'],"['Insect', 'Arthropod', 'Pollinator', 'Brickwork', 'Brick', 'Grey', 'Wood', 'Line', 'Building', 'Pest']",['Bee']
https://preview.redd.it/h3n47rksdsn51.jpg?width=220&format=pjpg&auto=webp&s=e0ba8383a12075a3c44b2bcb9a9bbc7bd0404823,"['drawing', 'old', 'person', 'sketch', 'text', 'military', 'clothing', 'man', 'black', 'nostalgia', 'people', 'army', 'group', 'photograph', 'propaganda', 'crowd']",[],"['Squad', 'Military uniform', 'Military person', 'Headgear', 'Soldier', 'Military organization', 'Art', 'Crew', 'Event', 'Uniform']","['Person', 'Clothing']"
https://preview.redd.it/2fw0pxkndsn51.jpg?width=170&format=pjpg&auto=webp&s=4844ba7b01ca133ae490026ff1d600f4ae68b786,"['wall', 'man', 'person', 'sketch', 'clothing', 'portrait', 'text', 'old', 'human face', 'black', 'white', 'photograph', 'drawing', 'posing', 'suit']","['military uniform', 'suit']","['Chin', 'Jaw', 'Coat', 'Sleeve', 'Collar', 'Art', 'Blazer', 'Facial hair', 'Dress shirt', 'Monochrome']","['Coat', 'Person']"
https://preview.redd.it/9i6l1v2zwsl51.jpg?width=640&format=pjpg&auto=webp&s=d68cc510384a120c05c13c6e845401320c600949,"['text', 'screenshot', 'typography', 'font', 'design', 'graphic']",[],"['Font', 'Electric blue', 'Brand']",[]
https://preview.redd.it/hyl0wy9qfsk51.jpg?width=1111&format=pjpg&auto=webp&s=8a7c2ede2d9b32f5552c248777bc61993d45e6cf,"['screenshot', 'design', 'text', 'watch', 'graphic']",['analog clock'],"['Font', 'Circle', 'Asphalt', 'Electric blue', 'Auto part', 'Jewellery', 'Graphics', 'Logo', 'Fashion accessory', 'Brand']",['Watch']
https://preview.redd.it/zufmftepz4k51.jpg?width=1111&format=pjpg&auto=webp&s=05bf6d4444a225e5680732c786fdde1de9d46623,"['screenshot', 'design', 'text', 'watch', 'graphic']",['analog clock'],"['Font', 'Circle', 'Asphalt', 'Electric blue', 'Auto part', 'Jewellery', 'Graphics', 'Logo', 'Fashion accessory', 'Brand']",['Watch']
https://preview.redd.it/dgemvxf5qlj51.jpg?width=1111&format=pjpg&auto=webp&s=28215ac6d074de27a0869e6498c6245956afa260,"['screenshot', 'design', 'text', 'watch', 'graphic']",['analog clock'],"['Font', 'Circle', 'Asphalt', 'Electric blue', 'Auto part', 'Jewellery', 'Graphics', 'Logo', 'Fashion accessory', 'Brand']",['Watch']
https://preview.redd.it/6neisv3nb7j51.jpg?width=1111&format=pjpg&auto=webp&s=9fbeaf959a2c1e1119ba99168ddfcf3aeb04f599,"['screenshot', 'design', 'text', 'watch', 'graphic']",['analog clock'],"['Font', 'Circle', 'Asphalt', 'Electric blue', 'Auto part', 'Jewellery', 'Graphics', 'Logo', 'Fashion accessory', 'Brand']",['Watch']
https://preview.redd.it/emgppsjhu0j51.jpg?width=1588&format=pjpg&auto=webp&s=07cc1111a77029ce9ab262d1f8dd7a106882dba2,"['design', 'vase', 'text', 'flower', 'room', 'gallery', 'houseplant']","['book jacket', 'perfume']","['Rectangle', 'Interior design', 'Lighting', 'Wall sticker', 'Wood', 'Shelving', 'Wall', 'Font', 'Shelf', 'Plant']","['Vase', 'Cabinetry', 'Picture frame']"
https://preview.redd.it/j3m2w7e3xki51.jpg?width=1111&format=pjpg&auto=webp&s=279c5bb44c184993cfacd3fe4b2c50b2a38df8bb,"['screenshot', 'design', 'text', 'watch', 'graphic']",['analog clock'],"['Font', 'Circle', 'Asphalt', 'Electric blue', 'Auto part', 'Jewellery', 'Graphics', 'Logo', 'Fashion accessory', 'Brand']",['Watch']
https://preview.redd.it/lsdymxtr2ei51.jpg?width=1111&format=pjpg&auto=webp&s=20bd244540a4eea7e973944f05b9d01416d17e59,"['screenshot', 'design', 'text', 'watch', 'graphic']",['analog clock'],"['Font', 'Circle', 'Asphalt', 'Electric blue', 'Auto part', 'Jewellery', 'Graphics', 'Logo', 'Fashion accessory', 'Brand']",['Watch']
https://preview.redd.it/4agifsr6dth51.jpg?width=1111&format=pjpg&auto=webp&s=dba56f302b469f1912b768803a020887b41820a4,"['screenshot', 'design', 'text', 'watch', 'graphic']",['analog clock'],"['Font', 'Circle', 'Asphalt', 'Electric blue', 'Auto part', 'Jewellery', 'Graphics', 'Logo', 'Fashion accessory', 'Brand']",['Watch']
https://preview.redd.it/es4wj3xef0h51.jpg?width=1111&format=pjpg&auto=webp&s=3939cc8a7ef3b0eb3f3a02d86ecbebed968f924d,"['screenshot', 'design', 'text', 'watch', 'graphic']",['analog clock'],"['Font', 'Circle', 'Asphalt', 'Electric blue', 'Auto part', 'Jewellery', 'Graphics', 'Logo', 'Fashion accessory', 'Brand']",['Watch']
https://preview.redd.it/tc4eluwyllg51.jpg?width=1111&format=pjpg&auto=webp&s=531d96ecb2e679e7542736b69b9ea3e9fb7b95cb,"['screenshot', 'design', 'text', 'watch', 'graphic']",['analog clock'],"['Font', 'Circle', 'Asphalt', 'Electric blue', 'Auto part', 'Jewellery', 'Graphics', 'Logo', 'Fashion accessory', 'Brand']",['Watch']
https://preview.redd.it/jg50eudlfgg51.jpg?width=1111&format=pjpg&auto=webp&s=7d5b3ae68173263b23f3eaa77afa7820fa2f5c4a,"['screenshot', 'design', 'text', 'watch', 'graphic']",['analog clock'],"['Font', 'Circle', 'Asphalt', 'Electric blue', 'Auto part', 'Jewellery', 'Graphics', 'Logo', 'Fashion accessory', 'Brand']",['Watch']
https://preview.redd.it/0c0kn26nq8g51.jpg?width=1440&format=pjpg&auto=webp&s=393b1692c6209ca91fe031afcbf35367cb65fe2e,"['text', 'sky', 'outdoor', 'beach', 'water', 'screenshot', 'design']",['seashore'],"['Sky', 'Ecoregion', 'Natural landscape', 'Natural environment', 'Happy', 'Sunrise', 'Biome', 'Font', 'Horizon', 'Sunset']",[]
https://preview.redd.it/rk224zpfiuf51.jpg?width=1111&format=pjpg&auto=webp&s=90143dabebea98a2d24b515037ea95895afe2c1f,"['screenshot', 'design', 'text', 'watch', 'graphic']",['analog clock'],"['Font', 'Circle', 'Asphalt', 'Electric blue', 'Auto part', 'Jewellery', 'Graphics', 'Logo', 'Fashion accessory', 'Brand']",['Watch']
https://preview.redd.it/9v5479u1bmf51.jpg?width=1111&format=pjpg&auto=webp&s=c7bdd9c0972406ac9cf53df13a8bfb29980bf7e8,"['screenshot', 'design', 'text', 'watch', 'graphic']",['analog clock'],"['Font', 'Circle', 'Asphalt', 'Electric blue', 'Auto part', 'Jewellery', 'Graphics', 'Logo', 'Fashion accessory', 'Brand']",['Watch']
https://preview.redd.it/kbn2bishh9f51.jpg?width=1111&format=pjpg&auto=webp&s=e9e0576d19a361ea762cf0170304d290a82c5089,"['screenshot', 'design', 'text', 'watch', 'graphic']",['analog clock'],"['Font', 'Circle', 'Asphalt', 'Electric blue', 'Auto part', 'Jewellery', 'Graphics', 'Logo', 'Fashion accessory', 'Brand']",['Watch']
https://preview.redd.it/uwgywfjao1f51.jpg?width=1111&format=pjpg&auto=webp&s=d2c7d8dd167c4053302d0eadf70186041ee54784,"['screenshot', 'design', 'text', 'watch', 'graphic']",['analog clock'],"['Font', 'Circle', 'Asphalt', 'Electric blue', 'Auto part', 'Jewellery', 'Graphics', 'Logo', 'Fashion accessory', 'Brand']",['Watch']
https://preview.redd.it/kuyaddrjrse51.png?width=733&format=png&auto=webp&s=39d3ce22c60bae36c0c3938ceb114a37f37c3ca1,"['text', 'handwriting', 'design', 'typography', 'night sky']",['menu'],"['Sky', 'Handwriting', 'Font', 'Midnight', 'Technology', 'Astronomical object', 'Electric blue', 'Space', 'Photo caption', 'Logo']",[]
https://preview.redd.it/qsooec56j9e51.jpg?width=1111&format=pjpg&auto=webp&s=c5213316b41eebad988d30257f975e7e097d7348,"['screenshot', 'design', 'text', 'watch', 'graphic']",['analog clock'],"['Font', 'Circle', 'Asphalt', 'Electric blue', 'Auto part', 'Jewellery', 'Graphics', 'Logo', 'Fashion accessory', 'Brand']",['Watch']
https://preview.redd.it/qsfkz8prpud51.jpg?width=1111&format=pjpg&auto=webp&s=7ffe2b0b7bcce38f6cf95972f03036187eb28c2b,"['screenshot', 'design', 'text', 'watch', 'graphic']",['analog clock'],"['Font', 'Circle', 'Asphalt', 'Electric blue', 'Auto part', 'Jewellery', 'Graphics', 'Logo', 'Fashion accessory', 'Brand']",['Watch']
https://preview.redd.it/qch42thc9od51.jpg?width=1111&format=pjpg&auto=webp&s=c50b2286e2fd3a9eab5aecf4fadb6e329b90c970,"['screenshot', 'design', 'text', 'watch', 'graphic']",['analog clock'],"['Font', 'Circle', 'Asphalt', 'Electric blue', 'Auto part', 'Jewellery', 'Graphics', 'Logo', 'Fashion accessory', 'Brand']",['Watch']
https://preview.redd.it/oc9cjxwfxgd51.jpg?width=818&format=pjpg&auto=webp&s=444d6a22c22d4de47a55eb16d0f990657f42c9fd,"['text', 'design', 'graphic', 'businesscard', 'screenshot']",['web site'],"['Light', 'Product', 'Purple', 'Petal', 'Organism', 'Font', 'Violet', 'Line', 'Magenta', 'Rectangle']",[]
https://preview.redd.it/m3tzv4humtc51.jpg?width=1111&format=pjpg&auto=webp&s=685595c39305f8bdb03ba3d5a87ca22b5756510f,"['screenshot', 'design', 'text', 'watch', 'graphic']",['analog clock'],"['Font', 'Circle', 'Asphalt', 'Electric blue', 'Auto part', 'Jewellery', 'Graphics', 'Logo', 'Fashion accessory', 'Brand']",['Watch']
https://preview.redd.it/lubzbt1oxfc51.jpg?width=1111&format=pjpg&auto=webp&s=d9bfcd79397b2c240ec80ef7c0b55ffaa3b2b1e4,"['screenshot', 'design', 'text', 'watch', 'graphic']",['analog clock'],"['Font', 'Circle', 'Asphalt', 'Electric blue', 'Auto part', 'Jewellery', 'Graphics', 'Logo', 'Fashion accessory', 'Brand']",['Watch']
https://preview.redd.it/infzx72na8c51.jpg?width=1111&format=pjpg&auto=webp&s=eef84766a9f6746d01a21c08d51ef146b19910c0,"['screenshot', 'design', 'text', 'watch', 'graphic']",['analog clock'],"['Font', 'Circle', 'Asphalt', 'Electric blue', 'Auto part', 'Jewellery', 'Graphics', 'Logo', 'Fashion accessory', 'Brand']",['Watch']
https://preview.redd.it/xzggh5omw9b51.jpg?width=1111&format=pjpg&auto=webp&s=80fbfd69367bb9dc462387b982d9efe9aa4f5468,"['screenshot', 'design', 'text', 'watch', 'graphic']",['analog clock'],"['Font', 'Circle', 'Asphalt', 'Electric blue', 'Auto part', 'Jewellery', 'Graphics', 'Logo', 'Fashion accessory', 'Brand']",['Watch']
https://preview.redd.it/u85n8ytfrfa51.jpg?width=1111&format=pjpg&auto=webp&s=e16637d690e8910576353dc7da56e9d06701b400,"['screenshot', 'design', 'text', 'watch', 'graphic']",['analog clock'],"['Font', 'Circle', 'Asphalt', 'Electric blue', 'Auto part', 'Jewellery', 'Graphics', 'Logo', 'Fashion accessory', 'Brand']",['Watch']
https://preview.redd.it/engyscl0qt951.jpg?width=1111&format=pjpg&auto=webp&s=3a702bd65089a7ee99d3d02ef6fddf21ed5d2136,"['screenshot', 'design', 'text', 'watch', 'graphic']",['analog clock'],"['Font', 'Circle', 'Asphalt', 'Electric blue', 'Auto part', 'Jewellery', 'Graphics', 'Logo', 'Fashion accessory', 'Brand']",['Watch']
https://preview.redd.it/ls7ithlf1h951.jpg?width=1111&format=pjpg&auto=webp&s=67b4e3d95c21504206861f00cd630d645597264e,"['screenshot', 'design', 'text', 'watch', 'graphic']",['analog clock'],"['Font', 'Circle', 'Asphalt', 'Electric blue', 'Auto part', 'Jewellery', 'Graphics', 'Logo', 'Fashion accessory', 'Brand']",['Watch']
https://preview.redd.it/rglo3b7dc8951.jpg?width=1111&format=pjpg&auto=webp&s=64090917a290ce854d914f654e4bb10948347574,"['screenshot', 'design', 'text', 'watch', 'graphic']",['analog clock'],"['Font', 'Circle', 'Asphalt', 'Electric blue', 'Auto part', 'Jewellery', 'Graphics', 'Logo', 'Fashion accessory', 'Brand']",['Watch']
https://preview.redd.it/x0mlzoum4i851.jpg?width=1111&format=pjpg&auto=webp&s=314e31a3df88cb80778ec87384463611021ef064,"['screenshot', 'design', 'text', 'watch', 'graphic']",['analog clock'],"['Font', 'Circle', 'Asphalt', 'Electric blue', 'Auto part', 'Jewellery', 'Graphics', 'Logo', 'Fashion accessory', 'Brand']",['Watch']
https://preview.redd.it/buvbrxavg4851.jpg?width=1111&format=pjpg&auto=webp&s=d0d5065d3af99431f5dd940788a342af3771de52,"['screenshot', 'design', 'text', 'watch', 'graphic']",['analog clock'],"['Font', 'Circle', 'Asphalt', 'Electric blue', 'Auto part', 'Jewellery', 'Graphics', 'Logo', 'Fashion accessory', 'Brand']",['Watch']
https://preview.redd.it/4ww5lay5ws751.jpg?width=1207&format=pjpg&auto=webp&s=a0b0552bd667fe89084e5a0a42da9a8aa848bc3d,"['text', 'ball', 'poster', 'wooden', 'screenshot']",[],"['World', 'Font', 'Line', 'Red', 'Brick', 'Ball', 'Wood', 'Rectangle', 'Pattern', 'Advertising']",['Packaged goods']
https://preview.redd.it/dd0nrisfvs751.jpg?width=1920&format=pjpg&auto=webp&s=a009f90ead3c1c73969bb81993af5b3de0fdfbe4,"['text', 'baseball', 'sports uniform', 'glove']",['ballplayer'],"['Sports uniform', 'Batting glove', 'Sports gear', 'Sports equipment', 'Helmet', 'Glove', 'Baseball player', 'Jersey', 'Baseball protective gear', 'Player']","['Footwear', 'Shoe', 'Pants', 'Person', 'Luggage & bags', 'Top', 'Helmet']"
https://preview.redd.it/l4whrovtmi751.jpg?width=1111&format=pjpg&auto=webp&s=cb589eb4d665b0a3a40d52dcb1778102e772935e,"['screenshot', 'design', 'text', 'watch', 'graphic']",['analog clock'],"['Font', 'Circle', 'Asphalt', 'Electric blue', 'Auto part', 'Jewellery', 'Graphics', 'Logo', 'Fashion accessory', 'Brand']",['Watch']
https://preview.redd.it/rjb44icwh4751.jpg?width=1111&format=pjpg&auto=webp&s=38caaca037b234e9a39378270e79c3c30da71c8b,"['screenshot', 'design', 'text', 'watch', 'graphic']",['analog clock'],"['Font', 'Circle', 'Asphalt', 'Electric blue', 'Auto part', 'Jewellery', 'Graphics', 'Logo', 'Fashion accessory', 'Brand']",['Watch']
https://preview.redd.it/ilq1g4467o651.jpg?width=1111&format=pjpg&auto=webp&s=f60c3b7d881699f5dc8c1e3fe011a046d802f3d1,"['screenshot', 'design', 'text', 'watch', 'graphic']",['analog clock'],"['Font', 'Circle', 'Asphalt', 'Electric blue', 'Auto part', 'Jewellery', 'Graphics', 'Logo', 'Fashion accessory', 'Brand']",['Watch']
https://preview.redd.it/zcfoi9p4qa651.jpg?width=1111&format=pjpg&auto=webp&s=bf653407be3556f15af8c02a8fd7771bd1f5acce,"['screenshot', 'design', 'text', 'watch', 'graphic']",['analog clock'],"['Font', 'Circle', 'Asphalt', 'Electric blue', 'Auto part', 'Jewellery', 'Graphics', 'Logo', 'Fashion accessory', 'Brand']",['Watch']
https://preview.redd.it/rf4f4cq8qo551.jpg?width=1111&format=pjpg&auto=webp&s=68bad74b9dab886f4c3e302cd912d8cd5d86d2b0,"['screenshot', 'design', 'text', 'watch', 'graphic']",['analog clock'],"['Font', 'Circle', 'Asphalt', 'Electric blue', 'Auto part', 'Jewellery', 'Graphics', 'Logo', 'Fashion accessory', 'Brand']",['Watch']
https://preview.redd.it/20v4wdcwpa551.jpg?width=1111&format=pjpg&auto=webp&s=d8fc1b546d7f365891135abe4c66b4117438e0ed,"['screenshot', 'design', 'text', 'watch', 'graphic']",['analog clock'],"['Font', 'Circle', 'Asphalt', 'Electric blue', 'Auto part', 'Jewellery', 'Graphics', 'Logo', 'Fashion accessory', 'Brand']",['Watch']
https://preview.redd.it/jnfdo85bak451.jpg?width=1111&format=pjpg&auto=webp&s=e8bc7eff5d155f1dd8cbee885bf6ab167b6a47de,"['screenshot', 'design', 'text', 'watch', 'graphic']",['analog clock'],"['Font', 'Circle', 'Asphalt', 'Electric blue', 'Auto part', 'Jewellery', 'Graphics', 'Logo', 'Fashion accessory', 'Brand']",['Watch']
https://preview.redd.it/3xpflhwco8451.jpg?width=1111&format=pjpg&auto=webp&s=f378eb4f12478b40cbd702711d177e6b89218929,"['screenshot', 'design', 'text', 'watch', 'graphic']",['analog clock'],"['Font', 'Circle', 'Asphalt', 'Electric blue', 'Auto part', 'Jewellery', 'Graphics', 'Logo', 'Fashion accessory', 'Brand']",['Watch']
https://preview.redd.it/92rtfv8rk4451.jpg?width=1111&format=pjpg&auto=webp&s=f763fc54c60604bbe0d914db63426eee16dd15d5,"['screenshot', 'design', 'text', 'watch', 'graphic']",['analog clock'],"['Font', 'Circle', 'Asphalt', 'Electric blue', 'Auto part', 'Jewellery', 'Graphics', 'Logo', 'Fashion accessory', 'Brand']",['Watch']
https://preview.redd.it/6lanxhxt8x351.jpg?width=1111&format=pjpg&auto=webp&s=22cc9127067564fe52c5b6a2cb43267bce48b6d8,"['screenshot', 'design', 'text', 'watch', 'graphic']",['analog clock'],"['Font', 'Circle', 'Asphalt', 'Electric blue', 'Auto part', 'Jewellery', 'Graphics', 'Logo', 'Fashion accessory', 'Brand']",['Watch']
https://preview.redd.it/xhqf1rszwf351.jpg?width=1111&format=pjpg&auto=webp&s=854328e83b1daa0bb6edff91bf90ac44a90d6285,"['screenshot', 'design', 'text', 'watch', 'graphic']",['analog clock'],"['Font', 'Circle', 'Asphalt', 'Electric blue', 'Auto part', 'Jewellery', 'Graphics', 'Logo', 'Fashion accessory', 'Brand']",['Watch']
https://preview.redd.it/uklzn52nav251.jpg?width=1111&format=pjpg&auto=webp&s=01a7071ffa73b5f73b66bc1f8297fcc73c00e39b,"['screenshot', 'design', 'text', 'watch', 'graphic']",['analog clock'],"['Font', 'Circle', 'Asphalt', 'Electric blue', 'Auto part', 'Jewellery', 'Graphics', 'Logo', 'Fashion accessory', 'Brand']",['Watch']
https://preview.redd.it/9w2d8pd3sk251.jpg?width=1111&format=pjpg&auto=webp&s=48758a9cfc48f55987b0e407e2c1c59cfc6b00ac,"['screenshot', 'design', 'text', 'watch', 'graphic']",['analog clock'],"['Font', 'Circle', 'Asphalt', 'Electric blue', 'Auto part', 'Jewellery', 'Graphics', 'Logo', 'Fashion accessory', 'Brand']",['Watch']
https://preview.redd.it/oquva54kkd151.jpg?width=1111&format=pjpg&auto=webp&s=a942a5e7596117f80323634a3a6324c8ef7de008,"['screenshot', 'design', 'text', 'watch', 'graphic']",['analog clock'],"['Font', 'Circle', 'Asphalt', 'Electric blue', 'Auto part', 'Jewellery', 'Graphics', 'Logo', 'Fashion accessory', 'Brand']",['Watch']
https://preview.redd.it/ik235eq6n6151.jpg?width=1111&format=pjpg&auto=webp&s=2522506dd4fadbdbddc36d9f6706b4fd3b06d08c,"['screenshot', 'design', 'text', 'watch', 'graphic']",['analog clock'],"['Font', 'Circle', 'Asphalt', 'Electric blue', 'Auto part', 'Jewellery', 'Graphics', 'Logo', 'Fashion accessory', 'Brand']",['Watch']
https://i.redd.it/u7gjvyp0as051.jpg,"['insect', 'plant', 'invertebrate', 'leaf', 'animal', 'caterpillar', 'tree', 'close']",['honeycomb'],"['Plant', 'Pollinator', 'Insect', 'Arthropod', 'Flower', 'Leaf', 'Botany', 'Terrestrial plant', 'Pest', 'Flowering plant']",['Insect']
https://preview.redd.it/mq9z9rrzzj051.jpg?width=1111&format=pjpg&auto=webp&s=bdef496cc07dd03145419b2a2f4f4e4cadcc25d9,"['screenshot', 'design', 'text', 'watch', 'graphic']",['analog clock'],"['Font', 'Circle', 'Asphalt', 'Electric blue', 'Auto part', 'Jewellery', 'Graphics', 'Logo', 'Fashion accessory', 'Brand']",['Watch']
https://preview.redd.it/etwafsnc3rz41.jpg?width=1111&format=pjpg&auto=webp&s=2a71987f4533fdcade1e09f826d1dbc24fbb506d,"['screenshot', 'design', 'text', 'watch', 'graphic']",['analog clock'],"['Font', 'Circle', 'Asphalt', 'Electric blue', 'Auto part', 'Jewellery', 'Graphics', 'Logo', 'Fashion accessory', 'Brand']",['Watch']
https://preview.redd.it/hofoukzkiaz41.jpg?width=1111&format=pjpg&auto=webp&s=6c161dd73a12452499accc40fb799577b893a704,"['screenshot', 'design', 'text', 'watch', 'graphic']",['analog clock'],"['Font', 'Circle', 'Asphalt', 'Electric blue', 'Auto part', 'Jewellery', 'Graphics', 'Logo', 'Fashion accessory', 'Brand']",['Watch']
https://preview.redd.it/12tlhcec2yy41.jpg?width=1111&format=pjpg&auto=webp&s=fcebd66c4cf11ea4b05a6946ac0b0388ce045ec4,"['screenshot', 'design', 'text', 'watch', 'graphic']",['analog clock'],"['Font', 'Circle', 'Asphalt', 'Electric blue', 'Auto part', 'Jewellery', 'Graphics', 'Logo', 'Fashion accessory', 'Brand']",['Watch']
https://i.redd.it/kwokhlg960k41.jpg,"['animal', 'invertebrate', 'reef', 'yellow', 'salamander', 'insect', 'close']","['European fire salamander', 'fiddler crab']","['Pollinator', 'Arthropod', 'Insect', 'Organism', 'Terrestrial animal', 'Pest', 'Parasite', 'Honeybee', 'Close-up', 'Membrane-winged insect']","['Food', 'Animal']"
https://i.redd.it/08dxbu8cwph41.jpg,"['sketch', 'drawing', 'child art', 'cartoon', 'illustration', 'linedrawing', 'art', 'abstract', 'ink']",['quill'],"['Rabbit', 'Jaw', 'Rabbits and Hares', 'Hare', 'Gesture', 'Art', 'Ear', 'Tail', 'Wing', 'Drawing']",['Animal']
https://preview.redd.it/0z7z4ioehd841.jpg?width=4096&format=pjpg&auto=webp&s=190f797eaa747802aa513eb099b4de8a0eb22ef1,"['insect', 'invertebrate', 'animal']","['cricket', 'cockroach']","['Insect', 'Arthropod', 'Pollinator', 'Pest', 'Parasite', 'Membrane-winged insect', 'Invertebrate', 'Honeybee', 'Grass', 'Event']","['Insect', 'Packaged goods']"
https://preview.redd.it/snxao4pxps041.jpg?width=2976&format=pjpg&auto=webp&s=4bf9c5f194d7c5b7d7f85e865e590f0d8bf82821,"['indoor', 'paper', 'plastic bag', 'wrapped', 'packing materials', 'cloth', 'eaten', 'clothes']",['packet'],"['Sleeve', 'Creative arts', 'Wood', 'Petal', 'Hardwood', 'Event', 'Fashion accessory', 'Peach', 'Art', 'Rose order']",['Top']
https://preview.redd.it/tqiu855gts041.jpg?width=2976&format=pjpg&auto=webp&s=6433914fafac36e2386672f7a318a86fc5c01053,"['indoor', 'cake']",['hard disc'],"['Input device', 'Ingredient', 'Natural foods', 'Audio equipment', 'Automotive tire', 'Gadget', 'Auto part', 'Produce', 'Root vegetable', 'Potato']","['Potato', 'Packaged goods']"
https://preview.redd.it/deqicc214t041.jpg?width=2976&format=pjpg&auto=webp&s=1937e8e272a22652d7c86cd8c0112af0cb75f515,"['floor', 'indoor', 'fashion accessory', 'shoes']",[],"['Wood', 'Gadget', 'Cable', 'Gas', 'Audio equipment', 'Electrical wiring', 'Wire', 'Wrist', 'Bicycle handlebar', 'Musical instrument']",['Shoe']
https://preview.redd.it/rp74bvg0qs041.jpg?width=2976&format=pjpg&auto=webp&s=6367660659f11f40ea8fcc3ac3ea31a98e1ef227,"['food', 'cloth', 'messy', 'eaten']","['plastic bag', 'stethoscope', 'oxygen mask']","['Textile', 'Food', 'Wood', 'Comfort', 'Linens', 'Landscape', 'Natural foods', 'Room', 'Rock', 'Bag']","['Sunglasses', 'Shoe', 'Luggage & bags']"
https://preview.redd.it/zy4pzjq57t041.jpg?width=2976&format=pjpg&auto=webp&s=ac1aae4e2e4d53643fa6a09125f27ce74e44c43a,"['indoor', 'sitting', 'camera']","['reflex camera', 'lighter']","['Liquid', 'Watch', 'Drinkware', 'Gas', 'Audio equipment', 'Glass', 'Gadget', 'Metal', 'Fashion accessory', 'Small appliance']",['Packaged goods']
https://preview.redd.it/dgevr2xgps041.jpg?width=2976&format=pjpg&auto=webp&s=fe840cd825368bd2e6be42daab6e90832b5ef90b,"['indoor', 'paper', 'cloth', 'eaten']",['velvet'],"['Hand', 'Goggles', 'Vision care', 'Sleeve', 'Sunglasses', 'Eyewear', 'Eye glass accessory', 'Cap', 'Hat', 'Brassiere']","['Sunglasses', 'Luggage & bags']"
https://preview.redd.it/yj42n5awts041.jpg?width=2976&format=pjpg&auto=webp&s=30ba5fdde302c834abc52f359d14c1bd621a2291,"['food', 'paper', 'cloth', 'dessert', 'baked goods', 'plastic']",['bagel'],"['Food', 'Tableware', 'Dishware', 'Drinkware', 'Cup', 'Ingredient', 'Orange', 'Amber', 'Serveware', 'Table']",['Packaged goods']
https://preview.redd.it/5n1c7dyrb5y21.png?width=2560&format=png&auto=webp&s=8486a809d646c7c936805b837987177e64f19766,"['text', 'screenshot', 'weapon', 'vehicle', 'pc game', 'tank', 'military', 'green', 'land vehicle', 'strategy video game', 'cartoon', 'digital compositing']",['half track'],"['Self-propelled artillery', 'Wheel', 'Vehicle', 'Combat vehicle', 'Tank', 'Automotive tire', 'Motor vehicle', 'Screenshot', 'Tread', 'Font']","['Toy vehicle', 'Wheel']"
https://preview.redd.it/on75qemcc5y21.png?width=2560&format=png&auto=webp&s=27e5b9b59fb70cb5eeadd76237634bb47b42b493,"['text', 'weapon', 'tank', 'vehicle', 'combat vehicle', 'military vehicle', 'military', 'self-propelled artillery', 'screenshot', 'gun turret', 'pc game', 'abstract', 'armored car', 'strategy video game']","['tank', 'half track']","['Tank', 'Vehicle', 'Self-propelled artillery', 'Combat vehicle', 'Motor vehicle', 'Screenshot', 'Water', 'Terrestrial plant', 'Font', 'Military vehicle']","['Toy vehicle', '1D barcode']"
https://preview.redd.it/j2mtxnytb5y21.png?width=2560&format=png&auto=webp&s=9320b10d1b7e396899d5c10ce61cf8857066faa6,"['text', 'weapon', 'tank', 'military', 'vehicle', 'screenshot', 'military vehicle', 'combat vehicle', 'pc game', 'self-propelled artillery', 'land vehicle', 'armored car']",['half track'],"['Tire', 'Wheel', 'Automotive tire', 'Vehicle', 'Combat vehicle', 'Motor vehicle', 'Screenshot', 'Tread', 'Self-propelled artillery', 'Terrestrial plant']","['Toy vehicle', 'Wheel']"
https://preview.redd.it/6yici7bfc5y21.png?width=2560&format=png&auto=webp&s=0d0972db487efef1ad9db4c9a9d4282ee6160b6c,"['text', 'screenshot', 'transport', 'military vehicle', 'military', 'weapon', 'vehicle', 'tank', 'combat vehicle', 'armored car', 'self-propelled artillery']",['half track'],"['Wheel', 'Tire', 'Vehicle', 'Combat vehicle', 'Car', 'Automotive tire', 'Self-propelled artillery', 'Motor vehicle', 'Armored car', 'Screenshot']","['Wheel', 'Tire', 'Toy vehicle', '1D barcode']"
https://preview.redd.it/cykupggyb5y21.png?width=2560&format=png&auto=webp&s=11043dd465cd8513823c88e52b3bbd4e95fcb6d4,"['text', 'screenshot', 'electronics', 'abstract', 'aerial', 'water', 'computer', 'display', 'pc game']",[],"['Screenshot', 'Terrestrial plant', 'Graphics software', 'Font', 'Urban design', 'Slope', 'Multimedia software', 'Software', 'Rectangle', 'Multimedia']","['1D barcode', 'Tank']"
https://preview.redd.it/ng5m1ua9c5y21.png?width=2560&format=png&auto=webp&s=d27d0577d43bcb442108879eae71512f66e688c1,"['text', 'electronics', 'ship', 'vehicle', 'screenshot', 'pc game', 'abstract', 'aircraft', 'strategy video game', 'digital compositing', 'weapon', 'computer', 'display']","['tank', 'amphibian']","['Screenshot', 'Graphics software', 'Font', 'Vehicle', 'Automotive design', 'Terrestrial plant', 'Multimedia software', 'Software', 'Computer', 'Operating system']","['Tank', '1D barcode']"
https://preview.redd.it/w32gpzxfc5y21.png?width=2560&format=png&auto=webp&s=c4219cfaf55002aaf69b59699f47228faa6d3194,"['text', 'cartoon', 'vehicle', 'electronics', 'wheel', 'land vehicle', 'screenshot', 'computer', 'display']",['half track'],"['Wheel', 'Vehicle', 'Tire', 'Automotive tire', 'Car', 'Screenshot', 'Motor vehicle', 'Tread', 'Military vehicle', 'Terrestrial plant']","['Wheel', 'Tire', 'Toy']"
https://preview.redd.it/do9kgu8ac5y21.png?width=2560&format=png&auto=webp&s=7cdf65ae993f3d5dd9f7db8c19b27db2edfafebd,"['text', 'screenshot', 'weapon', 'vehicle', 'tank', 'military', 'pc game', 'cartoon', 'military vehicle', 'strategy video game', 'digital compositing']",['half track'],"['Wheel', 'Tire', 'Vehicle', 'Automotive tire', 'Tread', 'Screenshot', 'Motor vehicle', 'Automotive design', 'Terrestrial plant', 'Machine']","['Toy vehicle', 'Wheel', '1D barcode']"
https://preview.redd.it/42aaers3c5y21.png?width=2560&format=png&auto=webp&s=de02f90aec3d748df194b9e2b39a910e9800b4ca,"['text', 'electronics', 'cartoon', 'pc game', 'strategy video game', 'digital compositing', 'weapon', 'action-adventure game', 'screenshot', 'computer', 'display']","['lawn mower', 'half track']","['Screenshot', 'Font', 'Terrestrial plant', 'Engineering', 'Motor vehicle', 'Software', 'Illustration', 'Multimedia software', 'Machine', 'Automotive design']","['Wheel', 'Tire']"
https://preview.redd.it/bftx3l3wb5y21.png?width=2560&format=png&auto=webp&s=789a980237bef31a9ed9fab4c71fcf12afabb099,"['text', 'vehicle', 'military', 'weapon', 'pc game', 'land vehicle', 'screenshot']",['half track'],"['Tire', 'Wheel', 'Land vehicle', 'Vehicle', 'Car', 'Automotive tire', 'Combat vehicle', 'Automotive design', 'Mode of transport', 'Screenshot']","['Wheel', 'Toy']"
https://preview.redd.it/mvony50zb5y21.png?width=2560&format=png&auto=webp&s=9285c519d2ffc3816c83f08568865547e485c2f8,"['text', 'electronics', 'screenshot', 'abstract', 'pc game', 'display', 'computer']",[],"['Vehicle', 'Screenshot', 'Naval architecture', 'Computer', 'Font', 'Terrestrial plant', 'Graphics software', 'Software', 'Multimedia software', 'Operating system']","['Tank', '1D barcode']"
https://preview.redd.it/fhnnsjkwb5y21.png?width=2560&format=png&auto=webp&s=f24c11793fd0e104cd78ef5a96ac680626e597b7,"['text', 'military', 'vehicle', 'weapon', 'land vehicle', 'tank', 'wheel', 'screenshot']",['half track'],"['Wheel', 'Tire', 'Vehicle', 'Combat vehicle', 'Screenshot', 'Font', 'Self-propelled artillery', 'Motor vehicle', 'Military vehicle', 'Automotive tire']","['Toy vehicle', 'Wheel']"
https://preview.redd.it/c9si4ar8c5y21.png?width=2560&format=png&auto=webp&s=2ce2480130fdcfe0af2e6550532720fc0f36f23c,"['text', 'weapon', 'tank', 'vehicle', 'military vehicle', 'military', 'combat vehicle', 'armored car', 'self-propelled artillery', 'land vehicle', 'gun turret', 'screenshot']","['half track', 'tank']","['Wheel', 'Screenshot', 'Engineering', 'Motor vehicle', 'Combat vehicle', 'Machine', 'Water', 'Terrestrial plant', 'Font', 'Automotive tire']","['Wheel', 'Toy vehicle', '1D barcode']"
https://preview.redd.it/chm5suz1c5y21.png?width=2560&format=png&auto=webp&s=8e0dfbf60fc05cbdfa9815a1d1e55cf311458677,"['text', 'indoor', 'electronics', 'weapon', 'pc game', 'strategy video game', 'screenshot', 'digital compositing']",['tank'],"['Screenshot', 'Font', 'Graphics software', 'Terrestrial plant', 'Personal computer', 'Urban design', 'Computer', 'Software', 'Rectangle', 'Slope']",['Tank']
https://preview.redd.it/tyzdaxz5m3h21.jpg?width=4000&format=pjpg&auto=webp&s=0f1232d9a9c8cb030696425b0bf6ca266b52aee2,"['table', 'cup', 'indoor', 'auto part']",['screw'],"['Tableware', 'Serveware', 'Wood', 'Camera lens', 'Gas', 'Auto part', 'Automotive tire', 'Household hardware', 'Drinkware', 'Metal']",['Packaged goods']
https://preview.redd.it/fsjay5v3m3h21.jpg?width=4000&format=pjpg&auto=webp&s=8e5529bd112947d465f0320fae4f527da9df7c88,"['table', 'indoor', 'tableware', 'kettle', 'bottle']",['cocktail shaker'],"['Wood', 'Table', 'Indoor games and sports', 'Varnish', 'Recreation', 'Tableware', 'Hardwood', 'Glass', 'Metal', 'Circle']","['Cocktail shaker', 'Tableware', 'Bottle']"
https://i.redd.it/2zd3uddfx5z11.jpg,"['invertebrate', 'outdoor', 'beetle', 'yellow', 'animal', 'spider', 'insect', 'bee', 'arthropod', 'pest']",['bee'],"['Arthropod', 'Pollinator', 'Plant', 'Insect', 'Beetle', 'Twig', 'Pest', 'Honeybee', 'Natural landscape', 'Parasite']","['Bee', 'Moths and butterflies']"
https://preview.redd.it/qg23wrgh20u11.png?width=406&format=png&auto=webp&s=a7ad4a1bb28ef63dda19c8032ce83270393b5b37,"['text', 'screenshot', 'abstract']",['web site'],"['Product', 'Font', 'Screenshot', 'Technology', 'Parallel', 'Software', 'Rectangle', 'Number', 'Circle', 'Multimedia']",[]
https://preview.redd.it/8hrm9k1b30u11.png?width=403&format=png&auto=webp&s=5463235aae013bd1d870143f079cd3fe84b410dc,"['text', 'screenshot', 'abstract']",['web site'],"['Product', 'Font', 'Screenshot', 'Material property', 'Rectangle', 'Parallel', 'Number', 'Circle', 'Software', 'Web page']",[]
https://preview.redd.it/12g10x4930u11.png?width=401&format=png&auto=webp&s=ea07faca8f5d27cc98b382deed8f8e1135a0145a,"['text', 'screenshot', 'abstract']",['web site'],"['Font', 'Screenshot', 'Software', 'Technology', 'Electronic device', 'Multimedia', 'Parallel', 'Number', 'Web page', 'Circle']",[]
https://preview.redd.it/84ozzb0s30u11.png?width=1385&format=png&auto=webp&s=57b796ae11176ca13b3bd66e546adcff49a98700,"['text', 'map', 'abstract', 'screenshot']","['electric guitar', 'acoustic guitar']","['World', 'Organism', 'Font', 'Slope', 'Water', 'Art', 'Map', 'Natural landscape', 'Illustration', 'Pattern']",[]
https://preview.redd.it/96s50jph8qp11.jpg?width=2896&format=pjpg&auto=webp&s=194c566c4fd5b5f5103ab1b0f1c60dd9307605e5,"['road', 'building', 'outdoor', 'street', 'skating', 'footwear', 'parade', 'person', 'city', 'way', 'people', 'sport', 'sidewalk']","['unicycle', 'cornet', 'accordion', 'violin']","['Musician', 'Musical instrument', 'Building', 'Plant', 'Kilt', 'Headgear', 'Hat', 'Wind instrument', 'Uniform', 'Pattern']",['Person']
http://i.imgur.com/JXcogcb.jpg,"['invertebrate', 'insect', 'bee', 'animal', 'pest', 'wasp', 'arthropod', 'membrane-winged insect', 'fly', 'hornet', 'eumenidae', 'net-winged insects', 'pollinator', 'spider', 'dragonfly']","['bee', 'fly']","['Pollinator', 'Insect', 'Arthropod', 'Honeybee', 'Wing', 'Pest', 'Parasite', 'wasp', 'Membrane-winged insect', 'Invertebrate']",['Bee']
http://i.imgur.com/tzSnZTs.jpg,[],[],"['Street fashion', 'Camera', 'Material property', 'Eyewear', 'Wrist', 'Waist', 'Tartan', 'Strap', 'Security', 'Video camera']",['Lighting']
https://i.redd.it/08dxbu8cwph41.jpg,"['sketch', 'drawing', 'child art', 'cartoon', 'illustration', 'linedrawing', 'art', 'abstract', 'ink']",['quill'],"['Rabbit', 'Jaw', 'Rabbits and Hares', 'Hare', 'Gesture', 'Art', 'Ear', 'Tail', 'Wing', 'Drawing']",['Animal']
