image url,,microsoft azure labels,gluon labels,google label description,google object detection
https://live.staticflickr.com/65535/50947270606_5a871aff50_c.jpg,,"['outdoor', 'person', 'ground', 'clothing', 'woman', 'fashion accessory', 'human face', 'girl', 'fashion', 'jacket', 'street fashion', 'coat', 'dress', 'handbag']","['jean', 'miniskirt']","['Sky', 'Smile', 'Tartan', 'Street fashion', 'Flash photography', 'Fashion', 'Sleeve', 'Standing', 'Waist', 'Travel']","['Person', 'Outerwear', 'Bag', 'Luggage & bags']"
https://live.staticflickr.com/65535/49862921246_c8b72ee531_o.jpg,,"['tree', 'nature', 'outdoor', 'sky', 'rainbow', 'forest', 'wooded', 'lush', 'hillside']",['alp'],"['Rainbow', 'Sky', 'Plant', 'Ecoregion', 'Nature', 'Leaf', 'Natural environment', 'Tree', 'Natural landscape', 'Biome']",[]
https://live.staticflickr.com/65535/50962175807_2a04e6afea_c.jpg,,"['grass', 'tree', 'outdoor', 'sky', 'field', 'autumn', 'nature', 'fall', 'landscape', 'green', 'plant', 'grassy', 'lush', 'pasture', 'plain', 'wooded']","['worm fence', 'barn']","['Plant', 'Sky', 'Natural landscape', 'Tree', 'Grass', 'Groundcover', 'Shrub', 'Landscape', 'Grassland', 'Meadow']",[]
https://live.staticflickr.com/65535/51090751146_4633e188d6_o.jpg,,"['person', 'woman', 'christmas tree', 'human face', 'smile', 'christmas', 'fashion accessory', 'smiling', 'clothing', 'lady', 'posing']",[],"['Smile', 'Lip', 'Organ', 'Fashion', 'Textile', 'Gesture', 'Happy', 'Headgear', 'Eyelash', 'Flash photography']","['Person', 'Clothing']"
https://live.staticflickr.com/65535/51104365326_a178e00787_o.jpg,,"['text', 'screenshot', 'design', 'indoor', 'electronics', 'graphic', 'internet']",[],"['Output device', 'Product', 'Lcd projector', 'Smile', 'Video projector', 'Gadget', 'Blazer', 'Suit', 'Engineering', 'Home appliance']","['Tie', 'Person', 'Coat', 'Packaged goods', 'Home appliance']"
https://live.staticflickr.com/65535/51108806185_5e386fd77b_o.jpg,,"['painting', 'drawing', 'cartoon', 'child art', 'accessory']",[],"['Hair', 'Neck', 'Sleeve', 'Waist', 'Grey', 'Beige', 'T-shirt', 'Hat', 'Sleeveless shirt', 'Art']",['Packaged goods']
https://live.staticflickr.com/65535/51101568485_f5bc606f86_o.jpg,,"['outdoor', 'tree', 'plant', 'person', 'root', 'prop root', 'sandy']",[],"['Plant community', 'Wood', 'Twig', 'Trunk', 'Grass', 'Terrestrial plant', 'Root', 'Forest', 'Bedrock', 'Woodland']",['Person']
https://live.staticflickr.com/65535/51092286187_a10db62004_c.jpg,,"['bird', 'water', 'outdoor', 'goose', 'animal', 'water bird', 'aquatic bird', 'lake', 'waterfowl', 'duck', 'wildlife', 'swan', 'ducks', 'geese and swans', 'seaduck', 'mallard', 'pond', 'swimming']","['drake', 'red-breasted merganser']","['Water', 'Bird', 'Lake', 'Fluid', 'Beak', 'Body of water', 'Ducks, geese and swans', 'Feather', 'Waterfowl', 'Grass family']",['Duck']
https://live.staticflickr.com/65535/51100569730_9757df0dea_c.jpg,,"['outdoor', 'road', 'building', 'street', 'bus', 'way', 'vehicle', 'land vehicle', 'city', 'sidewalk', 'driving', 'text', 'red', 'traveling']","['trolleybus', 'streetcar']","['Bus', 'Sky', 'Vehicle', 'Building', 'Window', 'Cloud', 'Motor vehicle', 'Mode of transport', 'Tour bus service', 'Electricity']","['Bus', 'Person']"
https://live.staticflickr.com/65535/51106217054_65fc687dc9_o.jpg,,"['ground', 'outdoor', 'animal', 'bird', 'gallinaceous bird', 'chicken', 'standing', 'brown', 'phasianidae', 'galliformes']",['hen'],"['Bird', 'Phasianidae', 'Chicken', 'Beak', 'Comb', 'Galliformes', 'Poultry', 'Fowl', 'Livestock', 'Terrestrial animal']","['Chicken', 'Animal']"
https://live.staticflickr.com/65535/50137240127_b3f4a82cdd_o.jpg,,"['LEGO', 'lego', 'toy', 'statue', 'weapon']","['holster', 'rifle', 'revolver', 'assault rifle', 'bow']","['Toy', 'Lego', 'Toy block', 'Machine', 'Military robot', 'Brick', 'Fictional character', 'Metal', 'Light fixture', 'Wood']",['Lighting']
https://live.staticflickr.com/65535/51010564073_a3f3d6b5bf_c.jpg,,"['sky', 'water', 'outdoor', 'lake', 'cloud', 'landscape', 'sunrise', 'sun', 'nature', 'sunset', 'traveling', 'distance', 'clouds', 'shore']",['lakeside'],"['Cloud', 'Sky', 'Water', 'Water resources', 'Atmosphere', 'Afterglow', 'Body of water', 'Sunlight', 'Dusk', 'Lake']",[]
https://live.staticflickr.com/65535/51110229910_caa1b4fc73_o.jpg,,"['text', 'person', 'suit', 'dress', 'man', 'indoor', 'smile', 'standing', 'bride', 'wedding dress', 'flower', 'curtain', 'wedding', 'clothing', 'posing']",['groom'],"['Clothing', 'Smile', 'Tie', 'Coat', 'Purple', 'Happy', 'Suit', 'Flash photography', 'Real estate', 'Blazer']","['Tie', 'Person', 'Dress']"
https://live.staticflickr.com/65535/50998170798_31cbf41426_o.jpg,,"['tree', 'outdoor', 'person', 'footwear', 'clothing', 'ground', 'shorts', 'man', 'trousers', 'sunglasses']","['plunger', 'ballplayer']","['Cap', 'Tree', 'Standing', 'Asphalt', 'Gesture', 'Street fashion', 'Hat', 'Leisure', 'Road surface', 'Headgear']","['Pants', 'Person', 'Shorts', 'Top']"
https://live.staticflickr.com/65535/51108242579_1983fd4e0b_o.jpg,,"['person', 'clothing', 'fashion accessory', 'human face']",['gasmask'],"['Picture frame', 'Shoulder', 'Vision care', 'Dress shirt', 'Eyewear', 'Neck', 'Sleeve', 'Street fashion', 'Waist', 'Collar']","['Pants', 'Person', 'Bag', 'Top', 'Picture frame', 'Luggage & bags', 'Hat']"
https://live.staticflickr.com/65535/50721092181_2f0e2060c8_c.jpg,,"['sunset', 'sky', 'outdoor', 'water', 'nature', 'cloud', 'sun', 'landscape', 'tree', 'lake', 'setting', 'clouds', 'cloudy', 'distance']","['seashore', 'lakeside']","['Sky', 'Cloud', 'Atmosphere', 'Light', 'Natural landscape', 'Orange', 'Afterglow', 'Red sky at morning', 'Dusk', 'Plain']",[]
https://live.staticflickr.com/65535/51095987027_c5f96c6bdc_o.jpg,,"['person', 'tree', 'outdoor', 'smile', 'clothing', 'human face', 'woman', 'girl', 'fashion accessory', 'dress', 'posing', 'stone']","['sarong', 'bonnet']","['Clothing', 'Hair', 'Smile', 'Jeans', 'Leg', 'People in nature', 'Flash photography', 'Textile', 'Waist', 'Street fashion']","['Person', 'Overall', 'Hat', 'Top']"
https://live.staticflickr.com/65535/50177142632_04e6e8c51c_o.jpg,,"['sky', 'water', 'outdoor', 'beach', 'person', 'lake', 'nature', 'girl', 'clothing', 'woman', 'shore', 'cloud']",['seashore'],"['Water', 'Sky', 'Cloud', 'Flash photography', 'Plant', 'Lake', 'Wood', 'Horizon', 'Beach', 'Tree']",['Person']
https://live.staticflickr.com/65535/51104796590_df33f44156_c.jpg,,"['water', 'outdoor', 'sky', 'ocean', 'sea', 'beach']",['pirate'],"['Water', 'Sky', 'Lake', 'Cross', 'Boats and boating--Equipment and supplies', 'Horizon', 'Statue', 'Art', 'Sculpture', 'Seabird']",[]
https://live.staticflickr.com/65535/51015185261_f159676153_o.jpg,,"['outdoor', 'sky', 'tree', 'lake', 'water', 'cloud']","['boathouse', 'mobile home']","['Water', 'Sky', 'Plant', 'Building', 'Cloud', 'Natural landscape', 'Tree', 'Lake', 'Street light', 'House']",['Bird']
https://live.staticflickr.com/65535/51109088121_dd01d5d7e2_c.jpg,,"['outdoor', 'water', 'grass', 'sky', 'nature', 'fog', 'landscape', 'tree', 'reflection', 'lake', 'cloud', 'pond', 'day']",['lakeside'],"['Water', 'Cloud', 'Sky', 'Plant', 'Atmosphere', 'Water resources', 'Tree', 'Natural landscape', 'Wood', 'Lake']",[]
https://live.staticflickr.com/65535/51107155263_b1b5d4e766_o.jpg,,"['vehicle', 'sky', 'land vehicle', 'text', 'transport', 'auto part']",['crane'],"['Sky', 'Vehicle', 'Car', 'Motor vehicle', 'Hood', 'Tire', 'Automotive mirror', 'Automotive design', 'Automotive lighting', 'Automotive tire']","['Wheel', 'Car', 'Person']"
https://live.staticflickr.com/65535/51092878822_bf6c7d69c4_o.jpg,,"['sky', 'outdoor', 'flower', 'mountain', 'water', 'cloud', 'nature', 'landscape', 'lake', 'plant', 'surrounded', 'highland']","['valley', 'alp']","['Flower', 'Water', 'Plant', 'Mountain', 'Sky', 'Cloud', 'Ecoregion', 'Natural landscape', 'Grass', 'Body of water']",[]
https://live.staticflickr.com/65535/51000407635_80f041c451_o.jpg,,"['animal', 'bird', 'wildlife', 'reptile', 'fauna', 'close']",['ptarmigan'],"['Eye', 'Organism', 'Reptile', 'Bird', 'Adaptation', 'Terrestrial animal', 'Natural landscape', 'Snout', 'Terrestrial plant', 'Grass']",['Bird']
https://live.staticflickr.com/65535/51067188008_2160092e52_o.jpg,,"['bird', 'sitting', 'animal', 'outdoor', 'perched', 'sparrow', 'wooden', 'railing', 'wildlife', 'standing', 'rail', 'birdwatching', 'ledge']","['brambling', 'junco']","['Bird', 'Fox Sparrow', 'Wood', 'Beak', 'Twig', 'Songbird', 'Song Sparrow', 'Feather', 'Perching bird', 'Finch']",['Sparrow']
https://live.staticflickr.com/65535/50998343168_798d790e13_o.jpg,,"['outdoor', 'tree', 'hiking', 'person', 'clothing', 'man', 'plant', 'nature', 'trail', 'jungle', 'forest', 'wooded', 'wood']",['mountain bike'],"['Plant', 'Plant community', 'Leaf', 'Fedora', 'People in nature', 'Natural landscape', 'Tree', 'Hat', 'Wood', 'Terrestrial plant']","['Hat', 'Person', 'Footwear', 'Pants']"
https://live.staticflickr.com/65535/51006488701_19c83607f7_c.jpg,,"['text', 'vehicle']","['mobile home', 'recreational vehicle']","['Sky', 'Asphalt', 'Pink', 'Rolling', 'Rectangle', 'Gas', 'Magenta', 'Landscape', 'Paint', 'Machine']",['Packaged goods']
https://live.staticflickr.com/65535/51095030692_743a88a4f9_o.jpg,,"['outdoor', 'text', 'drawing', 'sketch', 'pattern', 'monochrome', 'black and white', 'art']",['tile roof'],"['Rectangle', 'Sculpture', 'Font', 'Facade', 'Art', 'Symmetry', 'Metal', 'Pattern', 'Relief', 'History']",['Building']
https://live.staticflickr.com/65535/51109776616_f983b0783f_c.jpg,,['window'],[],"['Building', 'Window', 'Wood', 'Fixture', 'Composite material', 'House', 'Facade', 'Concrete', 'Siding', 'Shade']",['Window']
https://live.staticflickr.com/65535/51108876987_4bde39d4d2_c.jpg,,"['person', 'art', 'cartoon', 'screenshot', 'illustration', 'accessory']",['necklace'],"['Azure', 'Liquid', 'Gesture', 'Electric blue', 'Flash photography', 'Art', 'Space', 'Font', 'Event', 'Darkness']","['Person', 'Lighting']"
https://live.staticflickr.com/65535/51105212242_5cb23d012c_o.jpg,,"['wall', 'indoor', 'lego', 'text', 'items', 'various', 'different', 'wheel', 'cluttered', 'variety', 'several']",['power drill'],"['Shoe', 'Light', 'Automotive design', 'Sneakers', 'Outdoor shoe', 'Yellow', 'Shelf', 'Luggage and bags', 'Shelving', 'Walking shoe']",['Shoe']
https://live.staticflickr.com/65535/50726051351_505f630248_c.jpg,,"['concert', 'clothing', 'person', 'human face', 'black and white', 'music', 'man', 'musical instrument', 'gig', 'live music', 'crowd']",['microphone'],"['Musician', 'White', 'Band plays', 'Hat', 'Black', 'Microphone', 'Sun hat', 'Fedora', 'Flash photography', 'Music']","['Person', 'Guitar', 'Clothing', 'Musical instrument']"
https://live.staticflickr.com/65535/51096422748_6ecf5ffd88_o.jpg,,"['abstract', 'stationary', 'envelope', 'screenshot', 'art', 'text', 'accessory']",['umbrella'],"['Azure', 'Triangle', 'Rectangle', 'Material property', 'Shade', 'Tints and shades', 'Electric blue', 'Glass', 'Symmetry', 'Facade']",[]
https://live.staticflickr.com/65535/51075374117_cfebf1ff64_o.jpg,,"['moon', 'cloud', 'outdoor', 'sky', 'dark', 'clouds', 'cloudy', 'night sky']",['volcano'],"['Cloud', 'Atmosphere', 'Sky', 'Water', 'Cumulus', 'Dusk', 'Horizon', 'Astronomical object', 'Midnight', 'Landscape']",['Hat']
https://live.staticflickr.com/65535/50995971661_373bdc37df_c.jpg,,"['boat', 'water', 'watercraft', 'surfing', 'outdoor', 'canoe', 'paddle', 'lake', 'person', 'vehicle', 'boating', 'black and white', 'water sport', 'watercraft rowing', 'sports equipment', 'kayak', 'surface water sports', 'boats and boating--equipment and supplies', 'dinghy']","['paddle', 'canoe']","['Water', 'Paddle', 'Vehicle', 'Boat', 'Boats and boating--Equipment and supplies', 'Watercraft', 'Lake', 'Oar', 'Style', 'Rowing']","['Paddle', 'Person', 'Boat', 'Canoe', 'Clothing']"
https://live.staticflickr.com/65535/49759049551_3880919036_o.jpg,,"['mountain', 'sky', 'outdoor', 'nature', 'cloud', 'field', 'background', 'landscape', 'desert', 'ecoregion', 'pasture', 'lush', 'hillside', 'highland', 'distance']","['volcano', 'valley']","['Sky', 'Cloud', 'Mountain', 'Ecoregion', 'Natural landscape', 'Slope', 'Tree', 'Terrain', 'Horizon', 'Plain']",[]
https://live.staticflickr.com/65535/51108812136_cb904f4582_o.jpg,,"['person', 'human face', 'fashion accessory', 'smile', 'clothing', 'glasses', 'woman', 'hat', 'wearing', 'portrait', 'sun hat']",['cardigan'],"['Clothing', 'Smile', 'Hair', 'Face', 'Glasses', 'Lip', 'Chin', 'Vision care', 'Hat', 'Sun hat']","['Person', 'Glasses', 'Hat', 'Outerwear', 'Coat']"
https://live.staticflickr.com/65535/50867284812_64db4c57fc_o.jpg,,"['stairs', 'black and white', 'monochrome', 'step']",['bannister'],"['Black', 'Flash photography', 'Stairs', 'Black-and-white', 'Style', 'Water', 'Parallel', 'Tunnel', 'Symmetry', 'Tints and shades']",[]
https://live.staticflickr.com/65535/51107210881_8e5626fe6e_o.jpg,,['plant'],['spider web'],"['Plant', 'Leaf', 'Terrestrial plant', 'Twig', 'Ostrich fern', 'Tree', 'Ferns and horsetails', 'Wood', 'Flowering plant', 'Forest']",['Flower']
https://live.staticflickr.com/65535/51107267564_585af9fa76_o.jpg,,"['fog', 'tree', 'water', 'outdoor', 'lake', 'nature', 'landscape', 'mist', 'reflection', 'clouds', 'cloudy', 'forest', 'day', 'sky']",['lakeside'],"['Water', 'Atmosphere', 'Plant', 'Fog', 'Sky', 'Natural landscape', 'Tree', 'Wood', 'Grey', 'Twig']",[]
https://live.staticflickr.com/65535/50952415842_577f36b53e_o.jpg,,"['person', 'indoor', 'dress', 'clothing', 'girl', 'human face', 'woman', 'fashion accessory', 'window', 'day dress', 'skirt', 'fashion model', 'miniskirt', 'fashion', 'blouse', 'cocktail dress', 'photo shoot', 'waist']",['pajama'],"['Shoulder', 'One-piece garment', 'Neck', 'Sleeve', 'Street fashion', 'Flash photography', 'Waist', 'Dress', 'Automotive design', 'Thigh']","['Dress', 'Person']"
https://live.staticflickr.com/65535/51108466833_70471d7b1d_o.jpg,,"['grass', 'person', 'soccer', 'football', 'field', 'sports equipment', 'ball', 'playing', 'player', 'soccer player', 'football player', 'man']",['soccer ball'],"['Soccer', 'Shorts', 'Sports uniform', 'Sports equipment', 'World', 'Jersey', 'Player', 'Ball game', 'Sportswear', 'Grass']","['Football', 'Person', 'Shorts', 'Top']"
https://live.staticflickr.com/65535/51058475428_139be7fd0d_c.jpg,,"['person', 'sitting', 'clothing', 'outdoor', 'woman', 'human face', 'smile', 'furniture', 'girl', 'toddler', 'chair', 'footwear']",['cellular telephone'],"['Plant', 'Photograph', 'Vertebrate', 'Light', 'Smile', 'Flowerpot', 'Botany', 'Houseplant', 'Mammal', 'Grass']","['Person', 'Pants', 'Top']"
https://live.staticflickr.com/65535/51108583127_59c91bb3a9_c.jpg,,"['insect', 'animal', 'arthropod', 'invertebrate', 'spider', 'pest']",['wolf spider'],"['Eye', 'Arthropod', 'Insect', 'Spider', 'Terrestrial animal', 'Pest', 'Arachnid', 'Plant', 'Araneus', 'Terrestrial plant']",['Spider']
https://live.staticflickr.com/65535/50970418122_f66eaef244_c.jpg,,"['road', 'outdoor', 'sky', 'street', 'scene', 'black and white', 'building', 'way', 'city', 'skyscraper', 'white', 'monochrome', 'clock', 'sidewalk', 'church', 'old']","['monastery', 'palace']","['Sky', 'Cloud', 'White', 'Building', 'Black', 'Street light', 'Black-and-white', 'Road surface', 'Sunlight', 'Style']",['Building']
https://live.staticflickr.com/65535/51048695816_6564fa69b5_c.jpg,,"['person', 'human face', 'scarf', 'clothing', 'portrait', 'girl', 'smile', 'shawl', 'fashion accessory', 'stole', 'dark']",['stole'],"['Smile', 'Flash photography', 'Sleeve', 'Dress shirt', 'Collar', 'Fashion design', 'Formal wear', 'Electric blue', 'Happy', 'Bangs']","['Person', 'Scarf']"
https://live.staticflickr.com/65535/51065420037_bb5bc03b44_c.jpg,,"['nature', 'rock', 'tree', 'outdoor', 'water', 'waterfall', 'stream', 'river', 'cascade', 'landscape', 'rocky', 'creek', 'fall', 'plant', 'forest']",['valley'],"['Water', 'Natural landscape', 'Fluvial landforms of streams', 'Plant', 'Spring', 'Branch', 'Waterfall', 'Botany', 'Vegetation', 'Watercourse']",['Animal']
https://live.staticflickr.com/65535/51104131668_f656c15750_o.jpg,,"['sky', 'outdoor', 'grass', 'beach', 'nature', 'cloud', 'water', 'ocean', 'landscape', 'lake', 'coast', 'hill', 'path', 'overlooking', 'promontory', 'hillside', 'shore', 'highland']","['seashore', 'promontory']","['Cloud', 'Sky', 'Water', 'Water resources', 'Plant', 'Azure', 'Highland', 'Coastal and oceanic landforms', 'Beach', 'Bank']",[]
https://live.staticflickr.com/65535/51106236244_3f4237d986_c.jpg,,"['invertebrate', 'beetle', 'insect', 'animal', 'ladybug']",['ladybug'],"['Arthropod', 'Plant', 'Insect', 'Terrestrial plant', 'Liquid', 'Pest', 'Parasite', 'Grass', 'Beetle', 'Invertebrate']","['Beetle', 'Lady bug']"
https://live.staticflickr.com/65535/51045089497_a954440507_o.jpg,,"['tree', 'outdoor', 'cloud', 'sky', 'plant', 'sunrise', 'orange', 'nature', 'landscape', 'sunset', 'setting', 'clouds']",['volcano'],"['Sky', 'Cloud', 'Atmosphere', 'Afterglow', 'Natural landscape', 'Plant', 'Tree', 'Branch', 'Orange', 'Sunlight']",[]
https://live.staticflickr.com/65535/51108616233_2bc10ff4f6_o.jpg,,"['sky', 'outdoor', 'water', 'lake', 'nature', 'mountain', 'landscape', 'shore', 'day', 'distance']","['lakeside', 'sandbar']","['Sky', 'Water', 'Mountain', 'Water resources', 'Blue', 'Azure', 'Natural landscape', 'Highland', 'Lake', 'Coastal and oceanic landforms']",['Animal']
https://live.staticflickr.com/65535/50999550574_08e79dccd5_o.jpg,,"['animal', 'bee eater', 'bird', 'sitting', 'parrot', 'feather', 'colorful', 'woodpecker', 'branch', 'wildlife']",['bee eater'],"['Bird', 'Vertebrate', 'Plant', 'Branch', 'Twig', 'Organism', 'bee eater', 'Adaptation', 'Beak', 'Feather']",['Bird']
https://live.staticflickr.com/65535/51102324654_85fd0fbf6a_c.jpg,,"['outdoor', 'water', 'sky', 'cloud', 'landscape', 'lake', 'beach', 'sunrise', 'ocean', 'sun', 'sunset', 'sea', 'shore']","['seashore', 'boathouse']","['Water', 'Cloud', 'Sky', 'Atmosphere', 'Daytime', 'Afterglow', 'Orange', 'Natural landscape', 'Sunlight', 'Lake']",['Building']
https://live.staticflickr.com/65535/51054660036_337e337d9c_o.jpg,,"['shelf', 'indoor', 'furniture', 'book', 'text', 'girl', 'person', 'couch', 'woman', 'clothing', 'chair']",['bookcase'],"['Bookcase', 'Shelf', 'Wood', 'Shelving', 'Publication', 'Interior design', 'Floor', 'Flooring', 'Leisure', 'Hardwood']","['Couch', 'Person', 'Bookcase']"
https://live.staticflickr.com/65535/51100537717_60a4047d97_c.jpg,,"['bird', 'animal', 'outdoor', 'water', 'aquatic bird', 'feather', 'branch', 'heron']",['American egret'],"['Plant', 'Beak', 'Twig', 'Bird', 'Feather', 'Wood', 'Wing', 'Natural landscape', 'Snow', 'Freezing']",['Bird']
https://live.staticflickr.com/65535/51104736680_6e5076bf27_o.jpg,,"['truck', 'land vehicle', 'road', 'vehicle', 'wheel', 'transport', 'auto part', 'tire', 'text', 'decorated', 'trailer']",['garbage truck'],"['Tire', 'Wheel', 'Automotive parking light', 'Automotive tire', 'Vehicle', 'Tread', 'Motor vehicle', 'Automotive design', 'Automotive exterior', 'Truck']","['Toy vehicle', 'Wheel', 'Tire']"
https://live.staticflickr.com/65535/51021290012_3e5e96a23c_o.jpg,,"['outdoor', 'road', 'bus', 'tree', 'transport', 'land vehicle', 'vehicle', 'text', 'day', 'curb']","['trolleybus', 'minibus']","['Wheel', 'Bus', 'Tire', 'Automotive parking light', 'Vehicle', 'Vehicle registration plate', 'Motor vehicle', 'Automotive tire', 'Automotive side-view mirror', 'Window']","['Wheel', 'Bus']"
https://live.staticflickr.com/65535/51109251829_efdeb293c8_c.jpg,,"['person', 'wedding dress', 'bride', 'dress', 'wedding', 'woman', 'suit', 'clothing', 'groom', 'people', 'gown', 'smile', 'dressed']",['groom'],"['Clothing', 'Wedding dress', 'Bride', 'Photograph', 'Tie', 'Coat', 'Fashion', 'Flash photography', 'Dress', 'Purple']","['Tie', 'Person', 'Dress', 'Pants']"
https://live.staticflickr.com/65535/50983388902_9c69c61dd4_o.jpg,,"['sky', 'tree', 'outdoor', 'cloud', 'nature', 'landscape', 'sunset', 'water', 'lake', 'plant', 'day']","['seashore', 'promontory']","['Cloud', 'Sky', 'Natural landscape', 'Tree', 'Afterglow', 'Sunlight', 'Highland', 'Sunrise', 'Sunset', 'Cumulus']",[]
https://live.staticflickr.com/65535/51109323741_7b239c570f_c.jpg,,"['ground', 'outdoor', 'animal', 'mammal', 'donkey', 'standing', 'dirt', 'mule', 'livestock', 'equine', 'sandy', 'horse']","['gazelle', 'impala']","['Fawn', 'Terrestrial animal', 'Snout', 'Tail', 'Wildlife', 'Pack animal', 'Landscape', 'Cow-goat family', 'Antelope', 'Livestock']",['Animal']
https://live.staticflickr.com/65535/50987242793_ca9613d687_o.jpg,,"['sky', 'outdoor', 'water', 'cloud', 'skyscraper', 'building', 'day']",[],"['Water', 'Sky', 'Cloud', 'Atmosphere', 'Afterglow', 'Sunrise', 'Body of water', 'Dusk', 'Sunset', 'Lake']",['Building']
https://live.staticflickr.com/65535/51082984563_090b3e0da7_c.jpg,,"['wall', 'indoor', 'furniture', 'chair', 'table', 'black and white', 'window', 'room', 'white', 'coffee table', 'stool', 'house', 'stone', 'silhouette']","['vault', 'prison']","['Sky', 'Flash photography', 'Window', 'Lighting', 'Architecture', 'Black-and-white', 'Style', 'Wall', 'Line', 'Symmetry']","['Table', 'Window']"
https://live.staticflickr.com/65535/51097226273_73ce7ff133_o.jpg,,"['tree', 'person', 'outdoor', 'dress', 'human face', 'wedding dress', 'smile', 'bride', 'woman', 'fashion accessory', 'flower', 'clothing', 'posing']","['gown', 'sarong']","['Smile', 'Flower', 'Green', 'Plant', 'Light', 'People in nature', 'Botany', 'Leaf', 'Natural environment', 'Branch']","['Person', 'Dress']"
https://live.staticflickr.com/65535/51005741217_902449f860_o.jpg,,"['grass', 'outdoor', 'deer', 'animal', 'field', 'rabbit', 'mammal', 'plant', 'kangaroo', 'fawn', 'antelope', 'grassy', 'lush']","['wood rabbit', 'hare']","['Plant', 'Plant community', 'Deer', 'Tree', 'Natural landscape', 'Fawn', 'Terrestrial animal', 'Grass', 'Groundcover', 'Grassland']",['Animal']
https://live.staticflickr.com/65535/51109453264_ec947876e7_o.jpg,,"['handwriting', 'text', 'drawing', 'painting']",['barbershop'],"['Rectangle', 'Plant', 'Font', 'Art', 'Grass', 'Landscape', 'Urban design', 'Paint', 'Wood', 'Facade']",['Pillow']
https://live.staticflickr.com/65535/51040272508_62f8fcd505_o.jpg,,"['person', 'indoor', 'toddler', 'bottle', 'baby', 'child', 'human face']",['nipple'],"['Baby bottle feeding', 'Nose', 'Baby bottle', 'Cheek', 'Skin', 'Hand', 'Drinkware', 'Bottle', 'Eyelash', 'Human body']","['Packaged goods', 'Person']"
https://live.staticflickr.com/65535/51109221280_6c0c6d77f3_o.jpg,,"['sky', 'outdoor', 'house', 'mountain', 'building', 'rock', 'landscape', 'town', 'stone', 'hillside']","['seashore', 'promontory']","['Plant', 'Building', 'Sky', 'Terrain', 'Tree', 'Landscape', 'Mountainous landforms', 'Mountain', 'City', 'Geological phenomenon']",['Building']
https://live.staticflickr.com/65535/51103051026_878ac0e81e_c.jpg,,"['tree', 'grass', 'outdoor', 'fall', 'nature', 'landscape', 'maple', 'deciduous', 'forest', 'leaf', 'green', 'autumn', 'park', 'wooded', 'plant', 'area', 'lush', 'wood']",['rapeseed'],"['Plant', 'Water', 'People in nature', 'Natural landscape', 'Wood', 'Tree', 'Yellow', 'Trunk', 'Fluvial landforms of streams', 'Biome']",[]
https://live.staticflickr.com/65535/50998659200_8eaa923894_c.jpg,,"['sky', 'outdoor', 'water', 'cloud', 'lake', 'brick', 'reflection', 'building']","['castle', 'dock']","['Cloud', 'Water', 'Sky', 'Azure', 'Sunlight', 'Body of water', 'Tree', 'Plant', 'Natural landscape', 'Wood']",[]
https://live.staticflickr.com/65535/50801132041_5a189e676d_c.jpg,,"['sky', 'outdoor', 'person', 'human face', 'fashion', 'clothing', 'woman', 'fashion accessory', 'girl', 'long hair', 'day']","['jean', 'miniskirt']","['Smile', 'Shoulder', 'Sky', 'People in nature', 'Azure', 'Flash photography', 'Neck', 'Waist', 'Sunlight', 'Happy']","['Person', 'Jeans', 'Top', 'Belt']"
https://live.staticflickr.com/65535/51093878671_fa2ca29e62_c.jpg,,"['tree', 'outdoor', 'animal', 'plant', 'branch', 'green', 'leaf', 'perched', 'bird', 'fauna']","['water ouzel', 'brambling']","['Plant', 'Bird', 'Branch', 'Beak', 'Twig', 'Terrestrial plant', 'Adaptation', 'Terrestrial animal', 'Reptile', 'Tail']",['Bird']
https://live.staticflickr.com/65535/51086039906_06f881a3ff_o.jpg,,"['woman', 'lipstick', 'human face', 'person', 'eyes', 'girl', 'face', 'bangs', 'doll', 'makeover', 'eyelash', 'lip', 'portrait', 'cosmetics', 'lady', 'wig', 'hairpiece', 'cosmetic']","['wig', 'lipstick']","['Nose', 'Face', 'Cheek', 'Skin', 'Lip', 'Chin', 'Lipstick', 'Eyebrow', 'Eye', 'Eyelash']",['Lipstick']
https://live.staticflickr.com/65535/51107547275_11b5e281fe_o.jpg,,"['road', 'outdoor', 'land vehicle', 'vehicle', 'wheel', 'palm tree', 'street', 'transport', 'tree', 'tire', 'sky', 'motorcycle', 'car']","['motor scooter', 'moped']","['Wheel', 'Tire', 'Sky', 'Car', 'Land vehicle', 'Vehicle', 'Building', 'Automotive lighting', 'White', 'Light']","['Person', 'Car', 'Wheel', 'Motorcycle']"
https://live.staticflickr.com/65535/51007858585_b6cf987a38_o.jpg,,"['branch', 'flower', 'plant', 'leaf', 'bird', 'branchlet']","['goldfinch', 'indigo bunting', 'house finch']","['Flower', 'Twig', 'Terrestrial plant', 'Plant', 'Flowering plant', 'Tree', 'Bud', 'Plant stem', 'Macro photography', 'Natural material']",['Flower']
https://live.staticflickr.com/65535/50946074897_2ee175aa6f_o.jpg,,"['mountain', 'sky', 'outdoor', 'grass', 'water', 'lake', 'beach', 'landscape', 'nature', 'tree', 'surrounded', 'highland']","['lakeside', 'sandbar']","['Plant', 'Sky', 'Water', 'Water resources', 'Mountain', 'Natural landscape', 'Road surface', 'Tree', 'Asphalt', 'Highland']",[]
https://live.staticflickr.com/65535/51100391068_789f15254c_o.jpg,,"['astronomy', 'sky', 'nature', 'star', 'milky way', 'outdoor object', 'constellation', 'space', 'galaxy', 'night sky']",['velvet'],"['Sky', 'Galaxy', 'Astronomical object', 'Star', 'Milky way', 'Science', 'Constellation', 'Astronomy', 'Electric blue', 'Space']",[]
https://live.staticflickr.com/65535/51018816922_e973db3655_c.jpg,,"['tree', 'leaf', 'plant', 'maple leaf', 'fall', 'silver maple', 'autumn', 'new mexico maple', 'deciduous', 'maple']",['acorn'],"['Brown', 'Plant', 'Twig', 'Wood', 'Terrestrial plant', 'Sky', 'Tree', 'Trunk', 'Tints and shades', 'Deciduous']",[]
https://live.staticflickr.com/65535/50978278576_146b375584_c.jpg,,"['soccer', 'football', 'stadium']",['scoreboard'],"['Player', 'Chair', 'Grass', 'Line', 'Stadium', 'Flooring', 'Technology', 'Sport venue', 'Field house', 'American football']",[]
https://live.staticflickr.com/65535/51025244331_14b725eb82_c.jpg,,"['stage', 'concert', 'person', 'scene', 'musical instrument', 'guitar', 'drum', 'music', 'game', 'performance']",['stage'],"['Purple', 'Musical instrument', 'Music artist', 'Music', 'Performing arts', 'Entertainment', 'Musician', 'Concert', 'Artist', 'Music venue']","['Person', 'Clothing']"
https://live.staticflickr.com/65535/51092478179_f4573d85a9_c.jpg,,"['grass', 'outdoor', 'sky', 'railroad', 'vehicle', 'land vehicle', 'locomotive', 'track', 'transport', 'rail', 'tree', 'train', 'green', 'engine']","['electric locomotive', 'passenger car']","['Train', 'Sky', 'Plant', 'Vehicle', 'Tree', 'Nature', 'Rolling stock', 'Track', 'Mode of transport', 'Window']",['Train']
https://live.staticflickr.com/65535/51104254491_917ff8aa80_o.jpg,,"['dress', 'person', 'suit', 'outerwear', 'mantle', 'scarf', 'clothing', 'day dress', 'wearing', 'fashion design', 'fashion', 'clothes', 'handbag', 'skirt', 'standing', 'sleeve', 'costume design', 'casual dress', 'one-piece garment', 'jacket', 'coat', 'blouse', 'overcoat', 'fashion model', 'robe', 'cape', 'cloak', 'fabric', 'duster', 'high heels', 'cocktail dress', 'collar', 'blazer', 'fashion accessory', 'abaya', 'satin', 'formal wear', 'pattern (fashion design)', 'costume', 'trench coat', 'tie', 'shawl', 'boot', 'clothes hanger', 'street fashion', 'sheath dress', 'dressed']",['kimono'],"['Neck', 'Sleeve', 'Street fashion', 'Dress', 'Waist', 'One-piece garment', 'Day dress', 'Fashion design', 'Knee', 'Bag']",['Outerwear']
https://live.staticflickr.com/65535/51093586002_12cd0b745d_c.jpg,,"['floor', 'indoor', 'stairs', 'light', 'shadow']",['espresso maker'],"['Wood', 'Flooring', 'Stairs', 'Floor', 'Hardwood', 'Fixture', 'Audio equipment', 'Metal', 'Glass', 'Handrail']",['Lighting']
https://live.staticflickr.com/65535/51089828973_127149a7d1_c.jpg,,"['musical instrument', 'concert', 'music', 'guitar']","['acoustic guitar', 'electric guitar', 'pick']","['Musical instrument', 'Guitar', 'String instrument', 'String instrument accessory', 'Guitar accessory', 'Music', 'Musical instrument accessory', 'Musician', 'Plucked string instruments']","['Guitar', 'Person']"
https://live.staticflickr.com/65535/51105634181_d79f9dfb89_o.jpg,,"['tree', 'outdoor', 'grass', 'sign', 'text', 'sky', 'plant', 'house', 'area', 'stone']","['bell cote', 'church']","['Plant', 'Building', 'Tree', 'Fence', 'Sky', 'Tower', 'Grass', 'House', 'Road', 'Landscape']","['Traffic sign', 'Building']"
https://live.staticflickr.com/65535/51107055795_bd4a5e63a1_c.jpg,,"['outdoor', 'ground', 'rock', 'nature', 'stone']",['hen-of-the-woods'],"['Plant', 'Bedrock', 'Wood', 'Natural landscape', 'Formation', 'Outcrop', 'Geological phenomenon', 'Landscape', 'Erosion', 'Tree']",['Animal']
https://live.staticflickr.com/65535/51056539476_dc27b3c271_o.jpg,,"['plane', 'grass', 'outdoor', 'sky', 'vehicle', 'airplane', 'aerospace manufacturer', 'aeroplane', 'air', 'aviation', 'monoplane', 'aircraft', 'propeller-driven aircraft', 'general aviation', 'aerospace engineering', 'jet aircraft', 'airport', 'runway', 'fighter aircraft', 'light aircraft', 'propeller', 'air travel', 'air racing', 'jet', 'aircraft engine', 'military aircraft', 'turboprop', 'airliner', 'flap', 'tarmac']","['warplane', 'wing']","['Sky', 'Aircraft', 'Vehicle', 'Monoplane', 'Airplane', 'Propeller', 'Aerospace manufacturer', 'Cloud', 'Flap']",['Airplane']
https://live.staticflickr.com/65535/51106533050_79c915db28_o.jpg,,"['animal', 'invertebrate', 'arthropod', 'insect', 'reef']",['wolf spider'],"['Bird', 'Eye', 'Arthropod', 'Insect', 'Beak', 'Organism', 'Terrestrial animal', 'Pollinator', 'Phasianidae', 'Electric blue']","['Animal', 'Bird']"
https://live.staticflickr.com/65535/51051208982_64d234ab94_c.jpg,,"['person', 'outdoor', 'human face', 'girl', 'posing', 'clothing']",['bikini'],"['Joint', 'Photograph', 'Leg', 'Muscle', 'Human body', 'Waist', 'Thigh', 'Plant', 'People in nature', 'Flash photography']","['Shoe', 'Person', 'High heels', 'Footwear']"
https://live.staticflickr.com/65535/51030283921_b6e0d17717_c.jpg,,"['tree', 'outdoor', 'snow', 'nature', 'forest', 'plant', 'landscape', 'wood', 'wooded', 'surrounded', 'hillside']",['valley'],"['Plant', 'Ecoregion', 'Natural landscape', 'Tree', 'Twig', 'Wood', 'Trunk', 'Shade', 'Deciduous', 'Grass']",['Animal']
https://live.staticflickr.com/65535/51104549723_2893f4a31c_c.jpg,,"['butterfly', 'moths and butterflies', 'invertebrate', 'flower', 'animal', 'plant', 'pollinator', 'cabbage butterfly', 'green-veined white', 'large white', 'insect']",['cabbage butterfly'],"['Flower', 'Plant', 'Pollinator', 'Garden white', 'Butterfly', 'Insect', 'Arthropod', 'Moths and butterflies', 'Green-veined white', 'Purple']","['Butterfly', 'Flower']"
https://live.staticflickr.com/65535/50945894462_ffacbb8d25_c.jpg,,"['outdoor', 'tree', 'track', 'ground', 'railroad', 'transport', 'rail', 'land vehicle', 'vehicle', 'train', 'locomotive', 'rolling stock', 'station', 'traveling']","['passenger car', 'electric locomotive', 'streetcar']","['Train', 'Plant', 'Vehicle', 'Tree', 'Rolling stock', 'Electricity', 'Track', 'Wheel', 'Sky', 'Railway']",['Train']
https://live.staticflickr.com/65535/51107998532_7def4af4dc_o.jpg,,"['outdoor', 'land vehicle', 'vehicle', 'car', 'wheel', 'transport', 'curb']",['cab'],"['Automotive parking light', 'Car', 'Wheel', 'Tire', 'Land vehicle', 'Plant', 'Vehicle', 'Window', 'Motor vehicle', 'Automotive lighting']","['Wheel', 'Car', 'Tire']"
https://live.staticflickr.com/65535/51058611932_b2255d944e_o.jpg,,"['person', 'drawing', 'cartoon', 'clothing', 'painting', 'sketch', 'illustration', 'text', 'poster', 'woman', 'human face', 'people', 'retro', 'old']",['book jacket'],"['Human', 'People in nature', 'Fashion', 'Art', 'Interaction', 'Painting', 'Adaptation', 'Fun', 'Leisure', 'Hat']","['Pants', 'Person', 'Hat', 'Top']"
https://live.staticflickr.com/65535/51016748700_9b49cc692b_c.jpg,,"['floor', 'person', 'wall', 'indoor', 'clothing', 'human face', 'dress', 'woman']",['jean'],"['Sleeve', 'Waist', 'Belt', 'Fashion design', 'Chest', 'Thigh', 'Trunk', 'Necklace', 'Eyewear', 'Art']","['Pants', 'Person', 'Top', 'Shoe', 'Belt', 'Footwear']"
https://live.staticflickr.com/65535/50894891813_df9f1480cc_c.jpg,,"['bird', 'tree', 'sitting', 'outdoor', 'branch', 'perched', 'animal', 'oscine']",['robin'],"['Bird', 'Plant', 'Branch', 'Twig', 'Beak', 'Feather', 'Wood', 'Tree', 'Songbird', 'Wing']",['Bird']
https://live.staticflickr.com/65535/51086173792_f0982bda38_o.jpg,,"['tree', 'outdoor', 'animal', 'reptile', 'branch', 'lizard', 'leaf', 'snake', 'fauna', 'rainforest', 'wildlife']",['hummingbird'],"['Bird', 'Plant', 'Botany', 'Beak', 'Twig', 'Adaptation', 'Tree', 'Feather', 'Perching bird', 'Terrestrial animal']",['Bird']
https://live.staticflickr.com/65535/50893467912_35bc7417bd_o.jpg,,"['man', 'human face', 'indoor', 'glasses', 'person']",['drumstick'],"['Musical instrument', 'Guitar', 'Light', 'Guitar accessory', 'Beard', 'Orange', 'Music', 'String instrument accessory', 'Musical instrument accessory', 'Plucked string instruments']","['Glasses', 'Person', 'Clothing']"
https://live.staticflickr.com/65535/51063134143_b7676de37c_o.jpg,,"['text', 'transport', 'handwriting', 'vehicle', 'train']","['forklift', 'school bus']","['Motor vehicle', 'Bus', 'Rolling', 'Font', 'Vehicle', 'Gas', 'Art', 'Railway', 'Rolling stock', 'Public transport']",[]
https://live.staticflickr.com/65535/50880521658_0f734cb98b_c.jpg,,"['indoor', 'text', 'convenience store', 'shelf', 'supermarket', 'retail', 'grocery store']","['library', 'grocery store']","['Shelf', 'Product', 'Building', 'Shelving', 'Retail', 'Flooring', 'Automotive design', 'Convenience store', 'Customer', 'Machine']",['Packaged goods']
https://live.staticflickr.com/65535/51102220304_fbbd575bb7_o.jpg,,"['wall', 'person', 'indoor', 'smile', 'clothing', 'floor', 'woman', 'dress', 'suit', 'human face', 'living', 'man', 'standing', 'room', 'posing', 'leather', 'tan']","['bow tie', 'suit']","['Smile', 'Couch', 'Furniture', 'Flash photography', 'Comfort', 'Living room', 'Suit', 'Picture frame', 'Formal wear', 'Fun']","['Person', 'Pants', 'Couch', 'Clothing', 'Outerwear']"
https://live.staticflickr.com/65535/51088933333_f7c5c296a6_o.jpg,,"['grass', 'outdoor', 'building', 'bridge', 'river', 'sky']","['suspension bridge', 'pier']","['Sky', 'Water', 'Building', 'Tree', 'Girder bridge', 'Grass', 'Tower', 'Plant', 'Tower block', 'City']",['Bridge']
https://live.staticflickr.com/65535/50892683108_294e7f8622_o.jpg,,"['water', 'lake', 'ship', 'blue', 'outdoor object']",[],"['Wood', 'Water', 'Rectangle', 'Gas', 'Feather', 'Beak', 'Wing', 'Electric blue', 'Natural material', 'Liquid']","['Packaged goods', 'Lighting']"
https://live.staticflickr.com/65535/50577234472_94675edc2e_c.jpg,,"['person', 'swimwear', 'brassiere', 'outdoor', 'woman', 'undergarment', 'lingerie', 'fashion accessory', 'swimsuit top', 'bikini', 'thigh', 'swimsuit bottom', 'human face', 'navel', 'panties', 'clothing', 'stomach', 'laying', 'model', 'lingerie top', 'sandal', 'girl', 'abdomen', 'briefs']","['bikini', 'maillot']","['Joint', 'Lip', 'Shoulder', 'Leg', 'Human body', 'Flash photography', 'Waist', 'Thigh', 'Knee', 'Eyewear']","['Swimwear', 'Person', 'Jeans']"
https://live.staticflickr.com/65535/50944775751_cb5a7c9f1a_o.jpg,,"['invertebrate', 'wall', 'butterfly', 'moths and butterflies', 'animal', 'insect']",['lacewing'],"['Pollinator', 'Insect', 'Arthropod', 'Wood', 'Moths and butterflies', 'Amber', 'Butterfly', 'Pest', 'Wing', 'Parasite']",['Moths and butterflies']
https://live.staticflickr.com/65535/50141319926_2a1baa1480_c.jpg,,"['drawing', 'clothing', 'person', 'outdoor', 'sketch', 'man', 'text', 'old', 'posing', 'vintage', 'stone']","['suit', 'bow tie', 'book jacket']","['Sleeve', 'Collar', 'Tints and shades', 'Vehicle', 'Vintage clothing', 'Car', 'Motor vehicle', 'Chair', 'Waist', 'Art']","['Picture frame', 'Suit', 'Pants', 'Hat']"
https://live.staticflickr.com/65535/51076932182_a5ed6a9d4c_o.jpg,,"['grass', 'outdoor', 'plant', 'flower', 'field', 'flora', 'pasqueflower', 'green', 'wildflower']","['bee', 'daisy']","['Flower', 'Plant', 'Plant community', 'pasqueflower', 'prairie pasqueflower', 'Purple', 'Botany', 'Petal', 'Terrestrial plant', 'Vegetation']",['Flower']
https://live.staticflickr.com/65535/51095768235_43a2afd069_c.jpg,,"['outdoor', 'sky', 'tree', 'nature', 'landscape', 'fog', 'sunset', 'cloud', 'sunrise', 'sun', 'cloudy', 'dawn', 'clouds', 'dark', 'distance', 'night sky']",['church'],"['Sky', 'Atmosphere', 'Afterglow', 'Natural landscape', 'Dusk', 'Sunlight', 'Red sky at morning', 'Sunset', 'Atmospheric phenomenon', 'Sunrise']",['Building']
https://live.staticflickr.com/65535/51081485238_9bdbe82b49_c.jpg,,"['outdoor', 'sky', 'tree', 'cloud', 'sunset', 'nature', 'sun', 'landscape', 'setting', 'clouds', 'day']",[],"['Sky', 'Cloud', 'Atmosphere', 'Afterglow', 'Natural landscape', 'Tree', 'Red sky at morning', 'Sunrise', 'Dusk', 'Rural area']",[]
https://live.staticflickr.com/65535/50534985281_b08fdb9c77_c.jpg,,"['tree', 'car', 'outdoor', 'road', 'grass', 'land vehicle', 'vehicle', 'wheel', 'tire', 'sport utility vehicle', 'auto part', 'transport', 'grille', 'chevrolet', 'compact sport utility vehicle', 'toyota', 'crossover suv', 'ford', 'trunk', 'curb']","['beach wagon', 'minivan']","['Automotive parking light', 'Wheel', 'Vehicle', 'Tire', 'Car', 'Grille', 'Automotive lighting', 'Automotive tire', 'Plant', 'Hood']","['Wheel', 'Car', 'Person']"
https://live.staticflickr.com/65535/51097719168_45b8b3e3cb_o.jpg,,"['building', 'outdoor', 'window', 'architecture', 'text', 'house', 'city', 'apartment building']",['library'],"['Plant', 'Building', 'Sky', 'Architecture', 'Urban design', 'Window', 'Condominium', 'Tower block', 'Facade', 'City']","['Person', 'Building']"
https://live.staticflickr.com/65535/51085892552_2390bfac21_o.jpg,,"['grass', 'outdoor', 'bird', 'animal', 'chicken', 'gallinaceous bird', 'phasianidae', 'galliformes']",['hen'],"['Bird', 'Green', 'Phasianidae', 'Plant', 'Comb', 'Chicken', 'Beak', 'Grass', 'Galliformes', 'Rooster']",['Chicken']
https://live.staticflickr.com/65535/51089016213_cede1e714d_c.jpg,,"['plant', 'frutti di bosco', 'berry', 'boysenberry', 'tayberry', 'salmonberry', 'olallieberry', 'bramble', 'fruit', 'red mulberry', 'grape', 'dewberry', 'blackberry', 'alpine strawberry', 'food', 'strawberry', 'raspberry', 'wine raspberry', 'mulberry', 'native raspberry', 'virginia strawberry', 'seedless fruit', 'fresh']","['artichoke', 'custard apple']","['Food', 'Plant', 'Boysenberry', 'Green', 'Fruit', 'Salmonberry', 'Natural foods', 'Terrestrial plant', 'Berry', 'Produce']",['Fruit']
https://live.staticflickr.com/65535/51041188367_6fac3b0970_o.jpg,,"['water', 'sky', 'outdoor', 'nature', 'lightning', 'storm', 'cloud', 'thunderstorm', 'thunder', 'clouds', 'cloudy', 'dark']","['volcano', 'seashore']","['Cloud', 'Lightning', 'Water', 'Sky', 'Atmosphere', 'Thunder', 'Thunderstorm', 'Nature', 'Natural landscape', 'Dusk']",[]
https://live.staticflickr.com/65535/51104382217_d9acdc272e_o.jpg,,"['outdoor', 'tree', 'flower', 'person', 'woman', 'plant', 'garden', 'pink']",[],"['Flower', 'Smile', 'Plant', 'Botany', 'Nature', 'Petal', 'Pink', 'Shrub', 'Woody plant', 'Tree']","['Person', 'Jacket', 'Flower']"
https://live.staticflickr.com/65535/51109618290_a764c0e6b3_o.jpg,,"['outdoor', 'sky', 'statue', 'buddha', 'sculpture', 'buddhism', 'temple', 'cloud', 'human face', 'monument']",['pedestal'],"['Cloud', 'Sky', 'Statue', 'Nature', 'Sculpture', 'Temple', 'Art', 'Meditation', 'Grass', 'Tree']",['Sculpture']
https://live.staticflickr.com/65535/51033565762_a5601a2c2f_o.jpg,,"['ground', 'auto part', 'dirty']",['disk brake'],"['Automotive tire', 'Motor vehicle', 'Wheel', 'Locking hubs', 'Rim', 'Tire', 'Automotive exterior', 'Tread', 'Vehicle brake', 'Gas']",['Lighting']
https://live.staticflickr.com/65535/50698684228_50ebce9541_o.jpg,,"['text', 'active shirt', 't-shirt', 'sleeve']",['jersey'],"['Footwear', 'White', 'Black', 'Baby & toddler clothing', 'Sleeve', 'Font', 'Walking shoe', 'Shorts', 'Line', 'Cool']","['Shoe', 'Top', 'Sunglasses', 'Shorts', 'Glasses']"
https://live.staticflickr.com/65535/50437371742_57146c5cc0_o.jpg,,"['sky', 'outdoor', 'ship', 'boat', 'watercraft', 'water', 'vehicle', 'ocean', 'cloud', 'transport', 'beach', 'sandy']",['wreck'],"['Sky', 'Boat', 'Watercraft', 'Azure', 'Horizon', 'Landscape', 'Beach', 'Wood', 'Grass', 'Vehicle']",['Boat']
https://live.staticflickr.com/65535/50929849763_61a7d19880_o.jpg,,"['person', 'indoor', 'nail', 'finger', 'wrist', 'vein', 'toe', 'limb', 'close']","['Band Aid', 'sunscreen']","['Hair', 'Joint', 'Skin', 'Arm', 'Leg', 'Human body', 'Stomach', 'Neck', 'Knee', 'Thigh']",['Bracelet']
https://live.staticflickr.com/65535/51106355758_1984912942_o.jpg,,"['tree', 'rock', 'outdoor', 'plant', 'nature', 'garden', 'pile', 'dirt']","['stone wall', 'marmot']","['Plant', 'Plant community', 'Bedrock', 'Grass', 'Groundcover', 'Twig', 'Landscape', 'Wood', 'Outcrop', 'Shrub']",[]
https://live.staticflickr.com/65535/51104855313_ed08642c13_c.jpg,,"['tree', 'outdoor', 'water', 'sky', 'river', 'landscape', 'cloud', 'lake', 'nature', 'surrounded', 'plant', 'bushes', 'hillside']","['boathouse', 'lakeside']","['Sky', 'Water', 'Cloud', 'Nature', 'Natural landscape', 'Wood', 'Body of water', 'Lake', 'Tree', 'Sunlight']",[]
https://live.staticflickr.com/65535/51005142050_5d2958a582_c.jpg,,"['train', 'track', 'outdoor', 'sky', 'vehicle', 'land vehicle', 'scene', 'rail', 'way', 'traveling', 'road', 'railroad', 'highway']",['freight car'],"['Train', 'Land vehicle', 'Sky', 'Vehicle', 'Building', 'Rolling stock', 'Plant', 'Infrastructure', 'Track', 'Street light']",['Train']
https://live.staticflickr.com/65535/51017747271_398e49093d_c.jpg,,"['train', 'grass', 'track', 'outdoor', 'sky', 'locomotive', 'rail', 'transport', 'traveling', 'vehicle', 'land vehicle', 'freight', 'coming', 'long', 'plant', 'railroad', 'moving', 'engine']",['electric locomotive'],"['Train', 'Sky', 'Plant', 'Vehicle', 'Cloud', 'Rolling stock', 'Tree', 'Electricity', 'Locomotive', 'Railroad car']",['Train']
https://live.staticflickr.com/65535/50810620151_4c905e7e27_o.jpg,,"['bird', 'tree', 'outdoor', 'animal', 'branch', 'duck', 'goose', 'perched', 'beak']",['drake'],"['Bird', 'Beak', 'Feather', 'Twig', 'Water', 'Wing', 'Seabird', 'Waterfowl', 'Tail', 'Water bird']",['Bird']
https://live.staticflickr.com/65535/51008890575_d7273ea0bb_o.jpg,,"['person', 'indoor', 'woman', 'bed', 'brassiere', 'swimwear', 'laying', 'undergarment', 'nude', 'lingerie']","['maillot', 'iPod']","['Joint', 'Leg', 'Thigh', 'Waist', 'Undergarment', 'Knee', 'Lingerie', 'Black hair', 'Elbow', 'Comfort']","['Person', 'Shoe']"
https://live.staticflickr.com/65535/51100052275_f2ce5bc881_c.jpg,,"['outdoor', 'road', 'car', 'vehicle', 'land vehicle', 'automotive', 'wheel', 'street', 'coupe', 'text', 'way', 'convertible', 'sidewalk', 'van', 'curb']","['beach wagon', 'grille', 'car wheel']","['Car', 'Wheel', 'Automotive parking light', 'Tire', 'Automotive side marker light', 'Land vehicle', 'Vehicle', 'Hood', 'Automotive tire', 'Alloy wheel']","['Wheel', 'Car', 'Tire']"
https://live.staticflickr.com/65535/50902377912_8f67d559e0_o.jpg,,"['water', 'outdoor', 'sky', 'lake', 'ocean', 'boat', 'sea', 'vehicle', 'watercraft', 'transport', 'ship', 'cloud', 'day', 'sailing vessel', 'pulled', 'shore', 'wave', 'island']","['schooner', 'yawl', 'pirate']","['Water', 'Sky', 'Cloud', 'Watercraft', 'Boat', 'Vehicle', 'Mast', 'Sailboat', 'Lake', 'Horizon']",['Boat']
https://live.staticflickr.com/65535/51044537257_a43ddb2a2b_c.jpg,,"['tree', 'outdoor', 'sky', 'plant', 'nature', 'silhouette']",['spider monkey'],"['Sky', 'People in nature', 'Vertebrate', 'Plant', 'Natural landscape', 'Branch', 'Wood', 'Flash photography', 'Twig', 'Trunk']",['Person']
https://live.staticflickr.com/65535/51107394875_9a1003fb31_o.jpg,,"['person', 'indoor', 'brassiere', 'undergarment', 'swimwear', 'briefs', 'navel', 'underpants', 'chest', 'lingerie', 'clothing', 'muscle', 'stomach', 'abdomen', 'thigh', 'dance', 'woman', 'barechested']",['brassiere'],"['Muscle', 'Brassiere', 'Undergarment', 'Underpants', 'Lingerie', 'Swimwear', 'Thigh', 'Chest', 'Entertainment']","['Swimwear', 'Person', 'Top']"
https://live.staticflickr.com/65535/51103394842_1219b594b5_o.jpg,,"['black and white', 'monochrome', 'art']",['space heater'],"['Rectangle', 'Shade', 'Curtain', 'Window', 'Tints and shades', 'Mesh', 'Building', 'Font', 'Wood', 'Pattern']",[]
https://live.staticflickr.com/65535/51106044968_bfb9433670_o.jpg,,"['person', 'indoor', 'floor', 'belly', 'clothing', 'pantie', 'legs', 'chest', 'undergarment', 'stomach', 'muscle', 'underpants']","['maillot', 'maillot']","['Joint', 'Shoulder', 'Stomach', 'Neck', 'Waist', 'Knee', 'Thigh', 'Undergarment', 'Chest', 'Sportswear']","['Person', 'Top', 'Shoe']"
https://live.staticflickr.com/65535/50767551537_1f61d1b3c4_c.jpg,,"['outdoor', 'building', 'moon', 'sky', 'night', 'black and white', 'skyscraper', 'light', 'city', 'tall', 'tower']",[],"['Skyscraper', 'Atmosphere', 'Building', 'Sky', 'Moon', 'Black', 'Tower', 'Style', 'Black-and-white', 'Atmospheric phenomenon']",['Building']
https://live.staticflickr.com/65535/51108953890_b84503888e_o.jpg,,"['outdoor', 'snow', 'hiking', 'hiking equipment', 'nature', 'ski', 'adventure', 'mountain', 'mountaineer', 'trekking pole', 'hill', 'snowboarding', 'slope', 'snowboard', 'hillside', 'skiing']","['ski', 'crane']","['Mountain', 'Slope', 'Snow', 'Sky', 'Mountainous landforms', 'Bedrock', 'Geological phenomenon', 'Mountain range', 'Tree', 'Landscape']",[]
https://live.staticflickr.com/65535/51096950840_2ec371299a_o.jpg,,"['person', 'wedding dress', 'bride', 'clothing', 'posing', 'woman', 'dress', 'wedding', 'smile']",['groom'],"['Wedding dress', 'Smile', 'Bride', 'Dress', 'Flash photography', 'Fashion', 'Happy', 'Bridal clothing', 'Social group', 'Fun']","['Dress', 'Person']"
https://live.staticflickr.com/65535/51109396728_f8334f5f72_o.jpg,,"['grass', 'outdoor', 'red', 'field', 'tool']","['ocarina', 'sewing machine']","['Motor vehicle', 'Plant', 'Grass', 'Bumper', 'Red', 'Wood', 'Fender', 'Vehicle', 'Automotive exterior', 'Automotive lighting']",['Stool']
https://live.staticflickr.com/65535/51109171514_b56375e717_c.jpg,,"['sky', 'outdoor', 'water', 'lake', 'cloud', 'overlooking', 'beach', 'nature', 'skyscraper', 'building', 'sea', 'city', 'promontory', 'shore', 'day', 'hillside']","['promontory', 'seashore']","['Water', 'Sky', 'Cloud', 'Building', 'Azure', 'Plant', 'Cityscape', 'Coastal and oceanic landforms', 'Lake', 'Landscape']",['Building']
https://live.staticflickr.com/65535/51105506815_73f634709b_o.jpg,,"['baby', 'toddler', 'indoor', 'human face', 'person', 'clothing', 'toy', 'bedclothes']","['teddy', 'diaper']","['Cheek', 'Toy', 'Pink', 'Snapshot', 'Fun', 'Doll', 'Event', 'Room', 'Stuffed toy', 'Child']","['Person', 'Packaged goods']"
https://live.staticflickr.com/65535/51102953597_646105c217_o.jpg,,"['tree', 'outdoor', 'street', 'handwriting', 'yellow', 'traffic sign', 'road', 'sign']",['street sign'],"['Plant', 'Motor vehicle', 'Tree', 'Road surface', 'Natural landscape', 'Asphalt', 'Vegetation', 'Grass', 'Tar', 'Thoroughfare']",['Traffic sign']
https://live.staticflickr.com/65535/51109670690_e4bcf1c4e7_o.jpg,,"['grass', 'outdoor', 'plane', 'sky', 'runway', 'airport', 'air', 'airline', 'aircraft', 'airliner', 'vehicle', 'airplane', 'air travel', 'aerospace engineering', 'transport', 'aircraft engine', 'aeroplane', 'jet', 'jet engine', 'wide-body aircraft', 'flap', 'narrow-body aircraft', 'aviation', 'airbus', 'aerospace manufacturer', 'tarmac']",['airliner'],"['Cloud', 'Sky', 'Wheel', 'Vehicle', 'Aircraft', 'Airplane', 'Aerospace manufacturer', 'Tire', 'Twinjet', 'Business jet']",[]
https://live.staticflickr.com/65535/51074159036_afa759c16c_o.jpg,,"['handwriting', 'text', 'drawing', 'sketch', 'child art']",[],"['Handwriting', 'Facial expression', 'Smile', 'Gesture', 'Font', 'Black-and-white', 'Writing', 'Monochrome', 'Monochrome photography', 'Drawing']",['Animal']
https://live.staticflickr.com/65535/51035133542_c96ae1dac1_o.jpg,,"['tree', 'outdoor', 'animal', 'branch', 'bird', 'perched', 'squirrel', 'day']",['coucal'],"['Bird', 'Plant', 'Twig', 'Branch', 'Beak', 'Wood', 'Feather', 'Terrestrial plant', 'Fawn', 'Sky']",['Bird']
https://live.staticflickr.com/65535/51106413887_8372df05d8_o.jpg,,"['text', 'tool', 'design']","['broom', 'paintbrush']","['Font', 'Electric blue', 'Fictional character', 'Rectangle', 'Logo', 'Fashion accessory', 'Automotive tire', 'Wool', 'Woolen', 'Thread']",['Hat']
https://live.staticflickr.com/65535/51091310323_587336e5f9_o.jpg,,"['grass', 'dragonfly', 'outdoor', 'insect', 'invertebrate', 'animal', 'nature', 'dragonflies and damseflies', 'green', 'hawker dragonflies', 'damselfly', 'plant']",['dragonfly'],"['Plant', 'Vegetation', 'Terrestrial plant', 'Grass', 'Groundcover', 'Hawker dragonflies', 'Dragonfly', 'Terrestrial animal', 'Liquid', 'Flowering plant']",['Dragonfly']
https://live.staticflickr.com/65535/51041450631_b4b642df2b_c.jpg,,"['black and white', 'sketch', 'monochrome', 'drawing', 'art']",['padlock'],"['Rectangle', 'Wood', 'Grey', 'Black-and-white', 'Tree', 'Font', 'Tints and shades', 'Trunk', 'Hardwood', 'Monochrome photography']",['Picture frame']
https://live.staticflickr.com/65535/50727748288_d78387f2eb_c.jpg,,"['water', 'beach', 'outdoor', 'bird', 'sand', 'sandy']",['toy terrier'],"['Water', 'Atmosphere', 'Cloud', 'Sky', 'Gesture', 'Wood', 'Natural landscape', 'Atmospheric phenomenon', 'Lake', 'Landscape']",['Animal']
https://live.staticflickr.com/65535/51075266942_a5b6f757bc_c.jpg,,"['outdoor', 'grass', 'animal', 'dog', 'black and white', 'field', 'mammal', 'carnivore', 'monochrome', 'horse']",['Saluki'],"['Plant', 'Natural landscape', 'Wood', 'Black-and-white', 'Flash photography', 'Grass', 'Landscape', 'Tints and shades', 'Grassland', 'Meadow']",['Horse']
https://live.staticflickr.com/65535/51107336881_a43b7f5971_c.jpg,,"['building', 'door', 'window', 'brick', 'street', 'text']","['cinema', 'window screen', 'barbershop', 'tobacco shop']","['Rectangle', 'Window', 'Wood', 'Door', 'Building', 'Shade', 'Font', 'Mesh', 'Fixture', 'Tints and shades']",['Window']
https://live.staticflickr.com/65535/51102948296_48184822f3_o.jpg,,"['clothing', 'fashion', 'indoor', 'collar', 'button', 'pajama', 'romper', 'coat', 'sleeve', 'pattern (fashion design)', 'shirt', 'handbag', 'fabric', 'blouse', 'casual dress', 'pocket', 'outerwear', 'clothes', 'trouser']",['pajama'],"['Clothing', 'Outerwear', 'White', 'Product', 'Neck', 'Textile', 'Sleeve', 'Street fashion', 'Baby & toddler clothing', 'Collar']",['Clothing']
https://live.staticflickr.com/65535/51106374564_ff25cffcce_o.jpg,,"['text', 'map', 'handwriting']","['envelope', 'handkerchief']","['World', 'Ecoregion', 'Map', 'Schematic', 'Font', 'Urban design', 'Atlas', 'Parallel', 'Pattern', 'Plan']",[]
https://live.staticflickr.com/65535/51091024191_7ca628aa85_o.jpg,,"['table', 'food', 'indoor', 'dairy', 'ice cream', 'floor', 'wooden', 'plate', 'cake', 'baked goods', 'frozen dessert', 'cuisine', 'recipe', 'gelato', 'dish', 'dondurma', 'vanilla ice cream', 'delicious', 'cream', 'whipped cream', 'chocolate', 'cream cheese', 'sorbetes', 'dessert', 'eaten', 'meat', 'square', 'piece de resistance']",['ice cream'],"['Food', 'Tableware', 'Ingredient', 'Recipe', 'Plate', 'Table', 'Cuisine', 'Dish', 'Produce', 'Fried food']",['Food']
https://live.staticflickr.com/65535/51102398118_7f50477a0b_o.jpg,,"['person', 'woman', 'clothing', 'dress', 'smile', 'shorts', 'human face', 'legs']","['maillot', 'maillot']","['Joint', 'Photograph', 'Leg', 'Mineral water', 'Bottle', 'Drinking water', 'Blue', 'Bottled water', 'Dress', 'Fashion']","['Person', 'Shoe', 'Dress', 'Footwear', 'Pants', 'Sandal']"
https://live.staticflickr.com/65535/51098994636_a0b5a036ca_o.jpg,,"['outdoor', 'mountain', 'rock', 'sky', 'landscape', 'rocky', 'nature', 'house', 'stone', 'cliff', 'hill', 'hillside']",['cliff'],"['Sky', 'Mountain', 'Plant community', 'Natural landscape', 'Plant', 'Bedrock', 'Tree', 'Highland', 'Terrain', 'House']",['House']
https://live.staticflickr.com/65535/51109130226_150853c045_o.jpg,,"['outdoor', 'water', 'sky', 'dog', 'person', 'man', 'beach', 'water sport', 'carnivore', 'animal', 'clothing', 'black and white', 'swimming']",['maillot'],"['Water', 'Dog', 'Shorts', 'Photograph', 'People on beach', 'White', 'Black', 'Human', 'Beach', 'People in nature']","['Dog', 'Person', 'Swimwear', 'Clothing']"
https://live.staticflickr.com/65535/51101424622_d89b4f53b9_c.jpg,,"['track', 'train', 'outdoor', 'transport', 'rail', 'land vehicle', 'vehicle', 'station', 'locomotive', 'passenger', 'railway', 'traveling', 'railroad']","['electric locomotive', 'bullet train']","['Train', 'Land vehicle', 'Vehicle', 'Vertebrate', 'Rolling stock', 'Nature', 'Track', 'Locomotive', 'Electricity', 'Transport hub']",['Train']
https://live.staticflickr.com/65535/51099551510_51b99341d0_o.jpg,,"['broccoli', 'garden', 'outdoor', 'flower', 'plant', 'flora', 'bloom', 'sweet alyssum', 'lots', 'vegetable', 'surrounded', 'close', 'bushes', 'fresh']","['cauliflower', 'broccoli']","['Flower', 'Plant', 'Botany', 'Groundcover', 'Petal', 'Shrub', 'Flowering plant', 'Annual plant', 'Subshrub', 'Landscaping']",['Flower']
https://live.staticflickr.com/65535/51107924413_e0daf087c6_o.jpg,,"['fence', 'tree', 'outdoor', 'person', 'man', 'net']",['chainlink fence'],"['Tree', 'Fence', 'Plant', 'Player', 'Mesh', 'Grass', 'Leisure', 'Wire fencing', 'Net', 'Competition event']","['Person', 'Bench']"
https://live.staticflickr.com/65535/51104869899_2c4b23b721_o.jpg,,"['text', 'screenshot', 'billboard', 'sign', 'design', 'poster']",[],"['Font', 'Gas', 'Grass', 'Advertising', 'Signage', 'City', 'Sign', 'Rectangle', 'Graphics', 'Fixture']",[]
https://live.staticflickr.com/65535/50573041306_eda4d82c2e_o.jpg,,"['outdoor', 'sky', 'ground', 'scene', 'street light', 'light', 'city', 'street', 'bicycle', 'way', 'building', 'night', 'sidewalk']","['fountain', 'spotlight']","['Sky', 'Building', 'Street light', 'Automotive lighting', 'Light', 'Infrastructure', 'Road surface', 'Electricity', 'Lighting', 'Asphalt']","['Person', 'Street light']"
https://live.staticflickr.com/65535/51069745991_db028f606e_c.jpg,,"['bird', 'outdoor', 'tree', 'sitting', 'perched', 'animal', 'branch', 'sparrow']","['water ouzel', 'junco']","['Bird', 'Twig', 'Branch', 'Beak', 'Eastern Kingbird', 'Wood', 'Plant', 'Songbird', 'Feather', 'Tail']",['Sparrow']
https://live.staticflickr.com/65535/51103505593_0bf9d9be78_o.jpg,,"['person', 'human face', 'girl', 'clothing', 'outdoor', 'young', 'portrait', 'face', 'fashion accessory', 'hairstyle']",['wig'],"['Lip', 'Hairstyle', 'Eyelash', 'Flash photography', 'Happy', 'Doll', 'Toy', 'Street fashion', 'Fawn', 'Headgear']","['Person', 'Hat', 'Clothing']"
https://live.staticflickr.com/65535/50935205491_6e8bc6d16d_o.jpg,,"['person', 'clothing', 'human face', 'woman', 'text', 'wearing', 'fashion accessory', 'posing', 'dress', 'dressed']",['vestment'],"['Face', 'Outerwear', 'Throne', 'Lighting', 'Purple', 'Curtain', 'Chair', 'Costume hat', 'Beauty', 'Hat']","['Person', 'Hat', 'Footwear', 'Outerwear']"
https://live.staticflickr.com/65535/51095683177_e97f3970b4_c.jpg,,"['person', 'clothing', 'man', 'indoor', 'wedding dress', 'dress', 'bride', 'dance', 'woman', 'footwear', 'dressed']",['bow'],"['Footwear', 'Shoe', 'Sunglasses', 'Microphone', 'Gesture', 'Street fashion', 'Hat', 'Eyewear', 'Fashion design', 'Event']","['Pants', 'Person', 'Shoe', 'Top']"
https://live.staticflickr.com/65535/51092159178_db5e16aa22_o.jpg,,"['abstract', 'building', 'geometry', 'geometric', 'art', 'line', 'diagonal']",['bannister'],"['Wood', 'Shade', 'Beam', 'Building', 'Grey', 'Line', 'Roof', 'Ceiling', 'Tints and shades', 'Pattern']",[]
https://live.staticflickr.com/65535/51109069364_6658164c1a_o.jpg,,"['art', 'abstract', 'pattern']",['shower curtain'],"['Sleeve', 'Flag', 'Vehicle', 'Headgear', 'Tall ship', 'Event', 'Hat', 'Font', 'Mast', 'Watercraft']",['Shoe']
https://live.staticflickr.com/65535/51103091756_1fa9901d38_c.jpg,,"['drawing', 'building', 'art', 'sketch', 'handwriting', 'graffiti', 'dirty']",['sliding door'],"['Road surface', 'Door', 'Tree', 'Graffiti', 'Wood', 'Yellow', 'Grey', 'Font', 'Art', 'Asphalt']",['Door']
https://live.staticflickr.com/65535/51100017763_008b5182a9_o.jpg,,"['water', 'lake', 'outdoor', 'nature', 'mountain', 'landscape', 'aerial', 'hill', 'water resources', 'hillside', 'overlooking', 'land', 'lush']","['valley', 'promontory', 'lakeside', 'alp']","['Water', 'Fluvial landforms of streams', 'Natural landscape', 'Lake', 'Coastal and oceanic landforms', 'River delta', 'River island', 'Bank', 'Plain', 'Landscape']",['Hat']
https://live.staticflickr.com/65535/51010467365_7e769ba036_o.jpg,,"['animal', 'outdoor', 'mammal', 'rock', 'squirrel', 'monkey', 'wildlife', 'coati']","['weasel', 'red fox', 'titi', 'kit fox']","['Carnivore', 'Fawn', 'Terrestrial animal', 'Mustelidae', 'Tail', 'Snout', 'Procyonidae', 'Claw', 'Fur', 'Coatimundi']",['Animal']
https://live.staticflickr.com/65535/51098816638_0a5cb0e41b_o.jpg,,"['outdoor', 'mountain', 'hiking', 'sky', 'grass', 'rock', 'hill', 'hiking equipment', 'nature', 'person', 'cloud', 'rocky', 'landscape', 'hillside']",['alp'],"['Cloud', 'Sky', 'Mountain', 'Sports equipment', 'Bedrock', 'Slope', 'Terrain', 'Glacial landform', 'Formation', 'Landscape']",['Person']
https://live.staticflickr.com/65535/49714562522_0603289cd3_c.jpg,,"['person', 'clothing', 'human face', 'man', 'woman', 'crowd']",['vestment'],"['Blue', 'Infrastructure', 'Temple', 'Fashion', 'Travel', 'Event', 'Street', 'Road', 'Leisure', 'Tourism']","['Person', 'Jeans']"
https://live.staticflickr.com/65535/50999694168_cbdea93649_o.jpg,,"['building', 'sky', 'stone']","['monastery', 'vault']","['Plant', 'Sky', 'Facade', 'Composite material', 'Building material', 'Aqueduct', 'Symmetry', 'Arch', 'Ancient roman architecture', 'Arcade']",['Building']
https://live.staticflickr.com/65535/51082793098_5a3d294707_o.jpg,,"['tree', 'outdoor', 'sky', 'plant', 'christmas tree', 'conifer', 'spruce', 'balsam fir', 'lodgepole pine', 'shortleaf black spruce', 'larch', 'white pine', 'oregon pine', 'forest', 'canadian fir', 'evergreen', 'hackmatack', 'pine tree', 'yellow fir', 'larix lyalliisubalpine larch', 'biome', 'spruce-fir forest', 'wooded', 'hillside']",['lakeside'],"['Sky', 'Plant', 'Plant community', 'Larch', 'Natural landscape', 'Branch', 'Tree', 'Trunk', 'Evergreen', 'Woody plant']",[]
https://live.staticflickr.com/65535/50955377661_340ee721e3_o.jpg,,"['lit', 'indoor', 'candle', 'dark', 'lighting', 'light', 'lamp']",['candle'],"['Wax', 'Candle', 'Wood', 'Fire', 'Gas', 'Tints and shades', 'Flame', 'Heat', 'Facial hair', 'Lamp']",['Lighting']
https://live.staticflickr.com/65535/50217238327_4e748868b0_o.jpg,,"['soft drink', 'bottle', 'text', 'drink', 'indoor', 'bar', 'alcohol', 'tin can', 'beer', 'beverage', 'several']",['pop bottle'],"['Bottle', 'Liquid', 'Bottle cap', 'Drink', 'Solution', 'Glass bottle', 'Alcoholic beverage', 'Soft drink', 'Non-alcoholic beverage', 'Flavored syrup']",['Packaged goods']
https://live.staticflickr.com/65535/51004458571_5bacec7090_c.jpg,,"['outdoor', 'grass', 'plant', 'rock', 'nature', 'landscape', 'stone']","['cliff', 'castle']","['Sky', 'Plant', 'Natural landscape', 'Road surface', 'Highland', 'Asphalt', 'Watercourse', 'Thoroughfare', 'Road', 'Landscape']",[]
https://live.staticflickr.com/65535/51108780792_4ae7bd8842_o.jpg,,"['person', 'indoor', 'floor', 'human face', 'sitting', 'clothing', 'little', 'baby', 'smile', 'boy', 'child', 'toddler']",['pajama'],"['Clothing', 'Hair', 'Face', 'Nose', 'Smile', 'Cheek', 'Skin', 'Eye', 'Facial expression', 'Baby & toddler clothing']","['Person', 'Overall', 'Top']"
https://live.staticflickr.com/65535/51073593617_8edb43d592_o.jpg,,"['plate', 'food', 'fast food', 'orange', 'vegetable', 'meal', 'meat']","['butternut squash', 'plate']","['Food', 'Tableware', 'Baby carrot', 'Ingredient', 'Plate', 'Carrot', 'Recipe', 'Drinkware', 'wild carrot', 'Coffee cup']",['Food']
https://live.staticflickr.com/65535/50691299781_86a38a3cf7_o.jpg,,"['meatball', 'dessert', 'baked goods', 'indoor', 'snack', 'food', 'bread', 'cookie', 'recipe', 'baking', 'fast food', 'delicious', 'muffin', 'bakery', 'cake', 'doughnut', 'pastry', 'tasty', 'donut', 'chocolate', 'gluten', 'dish', 'biscuit', 'different', 'several', 'variety']",['meat loaf'],"['Food', 'Ingredient', 'Dish', 'Cuisine', 'Recipe', 'Yuvarlak', 'Sweetness', 'Confectionery', 'Rock', 'Dessert']","['Packaged goods', 'Food']"
https://live.staticflickr.com/65535/51072186772_4e3ac1e5c8_o.jpg,,"['outdoor', 'tree', 'dog', 'ground', 'person', 'grass', 'animal', 'carnivore', 'mammal']",['Labrador retriever'],"['Plant', 'People in nature', 'Gesture', 'Hat', 'Carnivore', 'Grass', 'Tree', 'Fawn', 'Terrestrial animal', 'Tail']","['Dog', 'Pants', 'Person', 'Hat', 'Shoe']"
https://live.staticflickr.com/65535/50717494003_821d10d580_o.jpg,,"['text', 'tan', 'wooden', 'old']","['chest', 'chiffonier', 'scabbard']","['Brown', 'Wood', 'Rectangle', 'Artifact', 'Font', 'Wood stain', 'Flooring', 'Hardwood', 'Varnish', 'Metal']",['Packaged goods']
https://live.staticflickr.com/65535/50797442067_7d21742b3d_o.jpg,,"['outdoor', 'sky', 'water', 'ground', 'bridge', 'lake', 'night', 'city', 'light', 'walkway']","['steel arch bridge', 'pier']","['Cloud', 'Sky', 'Water', 'Building', 'Street light', 'Dusk', 'Line', 'Horizon', 'Wood', 'Morning']",['Person']
https://live.staticflickr.com/65535/49880709743_60f3302af8_o.jpg,,"['wall', 'indoor', 'vase', 'table', 'furniture', 'person', 'room', 'tableware', 'clothing']",[],"['Comfort', 'Couch', 'Purple', 'Interior design', 'Picture frame', 'House', 'Living room', 'studio couch', 'Lamp', 'Event']","['Picture frame', 'Person', 'Couch', 'Furniture', 'Tableware', 'Lighting']"
https://live.staticflickr.com/65535/51100653689_ef92382852_o.jpg,,"['plant', 'flower', 'flora', 'pink', 'bloom']",['daisy'],"['Flower', 'Plant', 'Petal', 'Botany', 'Pink', 'Magenta', 'Herbaceous plant', 'Terrestrial plant', 'Annual plant', 'Flowering plant']",['Flower']
https://live.staticflickr.com/65535/51037257247_871592dba6_c.jpg,,"['astronomy', 'sky', 'night', 'outdoor', 'star', 'night sky', 'day']",[],"['Cloud', 'Sky', 'Atmosphere', 'Wheel', 'Tire', 'Nature', 'Car', 'Building', 'Atmospheric phenomenon', 'Truck']","['Car', 'House']"
https://live.staticflickr.com/65535/51029566966_1f66ffacd4_o.jpg,,"['sky', 'cloud', 'outdoor', 'sunset', 'sunrise', 'water', 'sun', 'light']",['suspension bridge'],"['Cloud', 'Sky', 'Amber', 'Afterglow', 'Red sky at morning', 'Water', 'Window', 'Dusk', 'Heat', 'Sunrise']",[]
https://live.staticflickr.com/65535/51108913042_039b83fa62_o.jpg,,"['drawing', 'child art', 'art', 'sketch', 'landscape', 'text', 'gallery', 'tree', 'room', 'painting', 'picture frame']",['cliff'],"['Brown', 'Plant', 'Plant community', 'Tree', 'Natural landscape', 'Sky', 'Paint', 'Painting', 'Art paint', 'Art']",['Picture frame']
https://live.staticflickr.com/65535/51020873362_169acb2c37_o.jpg,,"['fashion accessory', 'person', 'human face', 'indoor', 'wearing', 'cowboy hat', 'fedora', 'sun hat', 'mask', 'sombrero', 'hat', 'text', 'clothing', 'skull']","['sombrero', 'cowboy hat']","['Glasses', 'Goggles', 'Vision care', 'Sunglasses', 'Hat', 'Sombrero', 'Fedora', 'Jaw', 'Eyewear', 'Sun hat']","['Sunglasses', 'Hat', 'Person', 'Picture frame', 'Glasses']"
https://live.staticflickr.com/65535/50874887423_8e1355a78f_o.jpg,,"['insect', 'invertebrate', 'flower', 'bee', 'plant', 'animal', 'pollinator', 'beetle']","['bee', 'weevil']","['Flower', 'Plant', 'Pollinator', 'Insect', 'Arthropod', 'Petal', 'Honeybee', 'camomile', 'Flowering plant', 'Coneflower']","['Flower', 'Bee']"
https://live.staticflickr.com/65535/51110658805_69c7325912_c.jpg,,"['ground', 'outdoor', 'bird', 'beach', 'standing', 'animal', 'sand', 'duck', 'group', 'gallinaceous bird', 'sandy', 'goose', 'gathered', 'shore']","['partridge', 'ruffed grouse']","['Bird', 'Phasianidae', 'Beak', 'Galliformes', 'Feather', 'Terrestrial animal', 'Ducks, geese and swans', 'Landscape', 'Fowl', 'Seabird']","['Bird', 'Animal']"
https://live.staticflickr.com/65535/51069388321_3ba45d476b_o.jpg,,"['building', 'outdoor', 'sky', 'church', 'brick', 'tall', 'tower', 'stone', 'old', 'window', 'place of worship', 'roof']",['bell cote'],"['Sky', 'Window', 'Door', 'Facade', 'Building', 'Cross', 'Temple', 'Symmetry', 'Chapel', 'Medieval architecture']","['Door', 'Building', 'Window']"
https://live.staticflickr.com/65535/51086001076_6cb4caec81_c.jpg,,"['outdoor', 'person', 'skirt', 'woman', 'miniskirt', 'shorts', 'dress', 'clothing', 'girl', 'young', 'fashion', 'human face']",['miniskirt'],"['Face', 'Hair', 'Joint', 'Lip', 'Shoe', 'Photograph', 'Leg', 'Tartan', 'Human body', 'Neck']","['Person', 'Top', 'Miniskirt']"
https://live.staticflickr.com/65535/51097933103_efe5d4b90b_c.jpg,,"['flower', 'black and white', 'plant', 'flora', 'dark']",['dragonfly'],"['Flower', 'Plant', 'Water', 'Petal', 'Flash photography', 'Terrestrial plant', 'Flowering plant', 'Monochrome', 'Monochrome photography', 'Darkness']",['Flower']
https://live.staticflickr.com/65535/51090840948_9c6c579f75_o.jpg,,"['lego', 'LEGO', 'toy', 'indoor', 'cartoon']",[],"['Art', 'Wall', 'Wood', 'Visual arts', 'Fictional character', 'Town', 'Illustration', 'Machine', 'Metal', 'Animation']",['Toy']
https://live.staticflickr.com/65535/51025523208_53d4999db2_c.jpg,,"['person', 'outdoor', 'clothing', 'yellow', 'helmet', 'standing', 'wearing', 'high-visibility clothing', 'human face', 'jacket', 'man']",['whistle'],"['Outerwear', 'High-visibility clothing', 'Workwear', 'Helmet', 'Glove', 'Hard hat', 'Sleeve', 'Yellow', 'Jacket', 'Headgear']","['Outerwear', 'Person', 'Pants', 'Helmet', 'Belt']"
https://live.staticflickr.com/65535/51097755504_edaea99440_c.jpg,,"['outdoor', 'text', 'black and white', 'sky', 'city', 'architecture', 'window', 'skyscraper', 'house', 'street', 'building', 'tree', 'apartment building', 'monochrome', 'white']",['picket fence'],"['Building', 'Window', 'Sky', 'Rectangle', 'Black', 'Fixture', 'Black-and-white', 'Tree', 'Architecture', 'Style']","['Building', 'Window']"
https://live.staticflickr.com/65535/50872126897_d9b73c4e63_c.jpg,,"['person', 'human face', 'street', 'face', 'man', 'outdoor', 'portrait', 'clothing', 'older']","['whistle', 'flute']","['Daytime', 'Photograph', 'Beard', 'Temple', 'Facial hair', 'Wrinkle', 'Public space', 'Moustache', 'Smile', 'Street fashion']","['Person', 'Scarf', 'Clothing']"
https://live.staticflickr.com/65535/51100884924_70e865e67e_c.jpg,,"['water', 'rock', 'outdoor', 'beach', 'nature', 'mountain', 'person', 'black and white', 'lake', 'ocean', 'clothing', 'rocky', 'swimming']",['promontory'],"['Water', 'Black', 'Natural environment', 'Flash photography', 'Black-and-white', 'Body of water', 'Style', 'Watercourse', 'Beach', 'Landscape']","['Person', 'Clothing', 'Animal']"
https://live.staticflickr.com/65535/51107173047_4f31c5f732_c.jpg,,"['building', 'text', 'sky', 'outdoor', 'car', 'vehicle', 'land vehicle', 'road', 'wheel', 'billboard', 'street', 'vehicle registration plate', 'city']",['barbershop'],"['Car', 'Tire', 'Wheel', 'Automotive parking light', 'Land vehicle', 'Vehicle', 'Bicycle', 'Sky', 'Window', 'Building']","['Car', 'Bicycle', 'Building']"
https://live.staticflickr.com/65535/51109635889_6fc4f68af9_o.jpg,,"['abandoned', 'black and white', 'indoor', 'building', 'house', 'decay', 'door', 'window', 'monochrome', 'old', 'dirty']",['prison'],"['Window', 'Building', 'Flash photography', 'Wood', 'Fixture', 'Black-and-white', 'Rectangle', 'Tints and shades', 'Monochrome photography', 'Tree']",[]
https://live.staticflickr.com/65535/51102101328_2b3637f020_o.jpg,,"['train', 'outdoor', 'grass', 'tree', 'track', 'sky', 'locomotive', 'transport', 'rail', 'land vehicle', 'vehicle', 'traveling', 'pulling', 'long', 'engine', 'moving', 'forest', 'railroad', 'wooded', 'lush']","['freight car', 'electric locomotive']","['Train', 'Sky', 'Plant', 'Land vehicle', 'Vehicle', 'Wheel', 'Cloud', 'Tree', 'Rolling stock', 'Track']",['Train']
https://live.staticflickr.com/65535/51093244170_405b905327_o.jpg,,"['tree', 'sky', 'outdoor', 'cloud', 'black and white', 'building', 'street', 'monochrome', 'person', 'day']","['forklift', 'bannister']","['Cloud', 'Sky', 'Light', 'Black', 'Tree', 'Black-and-white', 'Architecture', 'Grey', 'Style', 'Line']",['Person']
https://live.staticflickr.com/65535/51027658788_f3b04808c9_c.jpg,,"['text', 'map']","['switch', 'combination lock']","['Daytime', 'Sky', 'Street light', 'Architecture', 'Building', 'Plant', 'Font', 'Tree', 'Wood', 'Wall']",[]
https://live.staticflickr.com/65535/51082875543_9b0307e130_c.jpg,,"['sky', 'water', 'outdoor', 'cloud', 'landscape', 'nature', 'sunset', 'lake', 'overlooking', 'clouds', 'field']",['lakeside'],"['Water', 'Sky', 'Cloud', 'Plant', 'Daytime', 'Afterglow', 'Dusk', 'Natural landscape', 'Sunset', 'Sunlight']",[]
https://live.staticflickr.com/65535/51103902297_5ef1417c31_o.jpg,,"['dog', 'grass', 'outdoor', 'carnivore', 'field', 'black', 'animal', 'brown', 'mammal', 'puppy']","['kelpie', 'basenji']","['Sky', 'Dog', 'Cloud', 'Plant', 'Sports equipment', 'Dog breed', 'Carnivore', 'Football', 'Fawn', 'Grass']","['Dog', 'Ball']"
https://live.staticflickr.com/65535/50831158493_92dd317142_o.jpg,,"['dance', 'woman', 'fashion', 'human face', 'person', 'clothing', 'brassiere', 'fashion accessory', 'fashion model', 'model', 'dress']","['maillot', 'gown']","['Lip', 'Hand', 'Arm', 'Shoulder', 'Leg', 'Human body', 'Neck', 'Waist', 'Thigh', 'Flash photography']","['Person', 'Footwear', 'Clothing', 'Shoe']"
https://live.staticflickr.com/65535/51043876176_202749d863_c.jpg,,"['sky', 'building', 'outdoor', 'vehicle', 'land vehicle', 'black and white', 'window', 'car', 'house', 'truck', 'wheel', 'roof']",['library'],"['Land vehicle', 'Vehicle', 'Sky', 'Property', 'Cloud', 'Car', 'Window', 'Wheel', 'Motor vehicle', 'Automotive tire']","['Car', 'Window', 'Door']"
https://live.staticflickr.com/65535/51075435713_e416c31b48_c.jpg,,"['person', 'human face', 'clothing', 'young', 'fashion', 'girl', 'footwear']",['jean'],"['Shoe', 'Jacket', 'Outdoor shoe', 'Wood', 'Tints and shades', 'Landscape', 'Knee', 'Electric blue', 'Fun', 'Boot']","['Person', 'Hat', 'Footwear', 'Outerwear', 'Pants', 'Shoe', 'Top']"
https://live.staticflickr.com/65535/50449422822_ec59e6a7dc_o.jpg,,"['screenshot', 'text', 'design', 'graphic', 'print', 'businesscard']",['modem'],"['Book', 'Publication', 'Font', 'Fashion accessory', 'Graphics', 'Brand', 'Logo', 'Carmine', 'Advertising', 'Magenta']",['Packaged goods']
https://live.staticflickr.com/65535/50750537232_7136dbc2b7_o.jpg,,"['invertebrate', 'beetle', 'insect', 'animal']","['long-horned beetle', 'leaf beetle']","['Insect', 'Arthropod', 'Plant', 'Petal', 'Flower', 'Beetle', 'Pest', 'Pollinator', 'Moisture', 'Close-up']",['Beetle']
https://live.staticflickr.com/65535/51102501770_a5901effa0_o.jpg,,"['outdoor', 'mountain', 'sky', 'nature', 'canyon', 'desert', 'hill', 'valley', 'background', 'landscape', 'rocky', 'hillside', 'dry', 'overlooking', 'distance', 'soil', 'land', 'highland']",['valley'],"['Sky', 'Mountain', 'Plant', 'Cloud', 'Natural landscape', 'Bedrock', 'Terrain', 'Grassland', 'Formation', 'Landscape']",['Hat']
https://live.staticflickr.com/65535/51105559681_871a87aefa_c.jpg,,"['building', 'black and white', 'wall', 'street', 'way', 'brick', 'monochrome', 'city', 'white', 'alley', 'stone', 'window']","['prison', 'vault']","['Flash photography', 'Road surface', 'Black-and-white', 'Style', 'Brick', 'Tints and shades', 'Road', 'City', 'Monochrome photography', 'Monochrome']","['Window', 'Building']"
https://live.staticflickr.com/65535/51106664702_a139542ee5_o.jpg,,"['abstract', 'drop', 'droplet', 'art', 'painting', 'bright']",['vine snake'],"['Flower', 'Plant', 'Petal', 'Terrestrial plant', 'Magenta', 'Flowering plant', 'Pedicel', 'Close-up', 'Macro photography', 'Annual plant']",['Lighting']
https://live.staticflickr.com/65535/51090031453_6463a62724_o.jpg,,"['text', 'screenshot', 'graphic', 'cartoon', 'ball', 'design', 'template', 'internet', 'healthcare', 'balloon', 'communication', 'medical', 'banner', 'soccer', 'investor', 'businesscard']",['web site'],"['Product', 'Font', 'Aqua', 'Technology', 'Parallel', 'Electric blue', 'Logo', 'Brand', 'Diagram', 'Screenshot']",['Packaged goods']
https://live.staticflickr.com/65535/51109154539_950eb880ff_c.jpg,,"['outdoor', 'manhole cover', 'outdoor object', 'black', 'stone', 'close']",['manhole cover'],"['Manhole cover', 'Road surface', 'Sanitary sewer', 'Manhole', 'Art', 'Font', 'Automotive tire', 'Circle', 'Pattern', 'Symmetry']",[]
https://live.staticflickr.com/65535/50998728747_341ddac9ec_o.jpg,,"['animal', 'outdoor', 'mammal', 'standing', 'field', 'deer', 'text']","['impala', 'gazelle']","['Fawn', 'Terrestrial animal', 'Deer', 'Adaptation', 'Snout', 'Monochrome', 'Grass', 'Tail', 'Wildlife', 'Monochrome photography']",['Animal']
https://live.staticflickr.com/65535/51090205070_2bbf08ecc9_o.jpg,,"['sky', 'beach', 'cloud', 'house', 'text', 'landscape', 'water', 'building', 'coast']",['tile roof'],"['Cloud', 'Sky', 'Water', 'Building', 'Window', 'Fixture', 'House', 'Urban design', 'Landscape', 'Horizon']",['Building']
https://live.staticflickr.com/65535/51010100747_3455f56393_o.jpg,,"['man', 'human face', 'person', 'human beard', 'beard', 'clothing', 'selfie', 'moustache', 'facial hair']",[],"['Forehead', 'Nose', 'Cheek', 'Chin', 'Eyebrow', 'Beard', 'Mouth', 'Organ', 'Jaw', 'Neck']","['Person', 'Luggage & bags', 'Sunglasses', 'Glasses']"
https://live.staticflickr.com/65535/51101173024_d209c06c56_o.jpg,,"['butterfly', 'moths and butterflies', 'insect', 'invertebrate', 'flower', 'pollinator', 'animal', 'plant']",['lycaenid'],"['Flower', 'Plant', 'Pollinator', 'Butterfly', 'Insect', 'Arthropod', 'Moths and butterflies', 'Petal', 'Shrub', 'Terrestrial plant']",['Butterfly']
https://live.staticflickr.com/65535/51083465318_2b6e0384b7_o.jpg,,"['clock', 'watch', 'dark']","['disk brake', 'hard disc']","['Automotive lighting', 'Flash photography', 'Automotive tire', 'Watch', 'Headlamp', 'Audio equipment', 'Rim', 'Corded phone', 'Automotive design', 'Gas']",['Watch']
https://live.staticflickr.com/65535/51109409863_0d943d1bfb_o.jpg,,"['tree', 'outdoor', 'wedding dress', 'bride', 'building']",['vault'],"['Tree', 'Sky', 'Composite material', 'Facade', 'Building', 'Concrete', 'Urban design', 'Symmetry', 'Art', 'Pedestrian']","['Person', 'Dress', 'Building']"
https://live.staticflickr.com/65535/51024070401_32d85d40a2_c.jpg,,"['person', 'human face', 'man', 'black and white', 'clothing', 'statue', 'monochrome', 'portrait', 'concert', 'microphone']",[],"['Microphone', 'Style', 'Entertainment', 'Black-and-white', 'Audio equipment', 'Microphone stand', 'Musician', 'Performing arts', 'Monochrome photography', 'Event']","['Person', 'Outerwear']"
https://live.staticflickr.com/65535/50073049861_74837a08c7_c.jpg,,"['person', 'text', 'indoor', 'whiteboard', 'computer']",['joystick'],"['Hand', 'Vision care', 'Finger', 'Eyewear', 'Engineering', 'Service', 'Science', 'Electronic device', 'Gadget', 'Display device']","['Packaged goods', 'Person']"
https://live.staticflickr.com/65535/51006211606_f5b3564da3_o.jpg,,"['person', 'clothing', 'ground', 'outdoor', 'woman', 'human face', 'smile', 'skirt', 'fashion', 'girl', 'miniskirt', 'day dress', 'fashion model', 'black', 'fashion accessory', 'cocktail dress', 'waist', 'lady', 'dress']","['gown', 'velvet']","['Face', 'Leg', 'Flash photography', 'Sleeve', 'Waist', 'Street fashion', 'Thigh', 'Knee', 'Tartan', 'Trunk']","['Top', 'Miniskirt', 'Person', 'Shoe', 'Footwear']"
https://live.staticflickr.com/65535/50680203951_de972a3993_o.jpg,,"['water', 'sky', 'outdoor', 'river', 'cloud', 'lake', 'boat', 'tree', 'landscape', 'reflection', 'traveling', 'sunset', 'sunrise', 'beach', 'clouds']","['lakeside', 'boathouse']","['Water', 'Sky', 'Cloud', 'Atmosphere', 'Water resources', 'Afterglow', 'Natural landscape', 'Dusk', 'Lake', 'Sunset']",[]
https://live.staticflickr.com/65535/51102997038_ccba61d3dc_o.jpg,,"['grass', 'soccer', 'playing', 'field', 'person', 'sports equipment', 'outdoor', 'football', 'ball', 'athletic game', 'game', 'sport', 'stadium']",['soccer ball'],"['Sports uniform', 'Shorts', 'Sports equipment', 'Soccer', 'Football', 'Ball', 'Jersey', 'Cleat', 'Player', 'Soccer ball']","['Person', 'Football', 'Shoe', 'Shorts']"
https://live.staticflickr.com/65535/50242875373_20c4d31a59_o.jpg,,"['outdoor', 'sky', 'grass', 'cloud', 'field', 'landscape', 'tree', 'fog', 'mountain', 'nature', 'green', 'cloudy', 'clouds', 'pasture', 'lush', 'distance', 'day', 'hillside', 'highland']","['valley', 'alp']","['Cloud', 'Sky', 'Atmosphere', 'Plant', 'Mountain', 'Natural landscape', 'Tree', 'Grass', 'Landscape', 'Horizon']",[]
https://live.staticflickr.com/65535/50989178711_2c4f2f4b6c_o.jpg,,"['outdoor', 'grass', 'sky', 'plane', 'road', 'runway', 'airport', 'vehicle', 'aircraft', 'aviation', 'airplane', 'transport', 'airliner', 'aerospace engineering', 'tarmac']",['airliner'],"['Sky', 'Wheel', 'Cloud', 'Vehicle', 'Aircraft', 'Tire', 'Airplane', 'Aviation', 'Aerospace manufacturer', 'Plant']",['Airplane']
https://live.staticflickr.com/65535/51101368195_9d6a25f5d1_o.jpg,,"['food', 'table', 'wooden', 'tableware', 'platter', 'fast food', 'fruit', 'plate', 'bowl', 'dinner', 'wood', 'salad', 'candle', 'vegetable', 'dishware', 'culinary art', 'saucer', 'brunch', 'meal']","['cucumber', 'plate', 'hot pot']","['Food', 'Tableware', 'Dishware', 'Ingredient', 'Recipe', 'Natural foods', 'Cuisine', 'Table', 'Fines herbes', 'Plate']","['Apple', 'Orange', 'Tableware', 'Vegetable', 'Food', 'Cutting board']"
https://live.staticflickr.com/65535/50895152591_f28db92cc0_o.jpg,,"['text', 'cartoon', 'design', 'graphic', 'template', 'screenshot']",['web site'],"['Font', 'Material property', 'Liquid', 'Electric blue', 'Brand', 'Online advertising', 'Logo', 'Screenshot', 'Graphics', 'Advertising']",['Packaged goods']
https://live.staticflickr.com/65535/51094612137_12710f866f_o.jpg,,"['statue', 'black and white', 'outdoor', 'person', 'night']",['fountain'],"['Musician', 'Flash photography', 'Music', 'Black-and-white', 'Style', 'Entertainment', 'Music artist', 'Performing arts', 'Monochrome photography', 'Monochrome']",['Sculpture']
https://live.staticflickr.com/65535/51082513238_111dfd117e_c.jpg,,"['person', 'indoor', 'watch', 'handwriting', 'text']","['crossword puzzle', 'rubber eraser']","['Hand', 'Black', 'Sleeve', 'Yellow', 'Finger', 'Gesture', 'Wood', 'Nail', 'Thumb', 'Flooring']",['Luggage & bags']
https://live.staticflickr.com/65535/51017127441_7e9dc2fabb_o.jpg,,"['table', 'houseplant', 'flowerpot', 'plant']",['pot'],"['Plant', 'Green', 'Houseplant', 'Flowerpot', 'Light', 'Flower', 'Leaf', 'Yellow', 'Terrestrial plant', 'Petal']",['Flowerpot']
https://live.staticflickr.com/65535/51093005607_33ea6c0736_c.jpg,,"['abstract', 'colorfulness', 'fractal art', 'art', 'blur', 'dance', 'light', 'violet', 'magenta']",[],"['Purple', 'Violet', 'Art', 'Gas', 'Electric blue', 'Magenta', 'Font', 'Circle', 'Pattern', 'Space']",['Hat']
https://live.staticflickr.com/65535/51067259506_2b0e68c933_o.jpg,,"['indoor', 'floor', 'tool', 'camera']",['pencil sharpener'],"['Wheel', 'Automotive tire', 'Motor vehicle', 'Tire', 'Wood', 'Automotive design', 'Automotive wheel system', 'Gas', 'Bumper', 'Engineering']",[]
https://live.staticflickr.com/65535/51106540944_9989e15c64_o.jpg,,"['wall', 'indoor', 'person', 'woman', 'smile', 'human face', 'girl', 'game', 'clothing']","['brassiere', 'bikini']","['Hair', 'Face', 'Smile', 'Eye', 'Muscle', 'Flash photography', 'Human body', 'Comfort', 'Happy', 'Gesture']","['Person', 'Brassiere', 'Swimwear', 'Top']"
https://live.staticflickr.com/65535/50998678359_56e448196b_o.jpg,,"['animal', 'bird', 'outdoor', 'yellow', 'parrot', 'oscine', 'colorful']","['goldfinch', 'bulbul']","['Bird', 'Beak', 'Feather', 'Wildlife', 'Perching bird', 'Piciformes', 'Woodpecker', 'Songbird', 'Terrestrial animal', 'Biting']",['Bird']
https://live.staticflickr.com/65535/51054423601_14a21b74d4_c.jpg,,"['sky', 'outdoor', 'city', 'cloud', 'skyscraper', 'tower', 'building', 'bridge', 'sunset']",['flagpole'],"['Cloud', 'Sky', 'Water', 'Atmosphere', 'Building', 'Afterglow', 'Tower', 'Dusk', 'Red sky at morning', 'Sunset']","['Flag', 'Building']"
https://live.staticflickr.com/65535/51108629527_746836ce4e_c.jpg,,"['street', 'text', 'building', 'outdoor', 'billboard', 'sidewalk', 'light', 'way', 'person', 'night', 'city']",['streetcar'],"['Building', 'Automotive lighting', 'Road surface', 'Electricity', 'Wheel', 'Midnight', 'City', 'Road', 'Skyscraper', 'Tire']","['Building', 'Person', 'Car']"
https://live.staticflickr.com/65535/51101929875_4064ea628a_c.jpg,,"['tree', 'outdoor', 'flower', 'plant', 'flora']",[],"['Flower', 'Plant', 'Twig', 'Terrestrial plant', 'Organism', 'Water', 'Grass', 'Flowering plant', 'Herbaceous plant', 'Tree']",[]
https://live.staticflickr.com/65535/49668167993_366869c33a_o.jpg,,"['person', 'indoor', 'clothing', 'smile', 'human face']",['neck brace'],"['Smile', 'Chair', 'Recipe', 'Fashion design', 'Dish', 'Food', 'Cuisine', 'Cooking', 'Ingredient', 'Jewellery']","['Top', 'Tableware', 'Person', 'Necklace', 'Luggage & bags', 'Bracelet', 'Food', 'Hat']"
https://live.staticflickr.com/65535/51100965547_9600a79976_o.jpg,,"['road', 'outdoor', 'bus', 'vehicle', 'land vehicle', 'parked', 'city', 'way', 'curb']",['trolleybus'],"['Bus', 'Wheel', 'Vehicle', 'Tire', 'Window', 'Motor vehicle', 'Infrastructure', 'Building', 'Mode of transport', 'Sky']","['Tire', 'Bus']"
https://live.staticflickr.com/65535/50350093952_86aa214db7_c.jpg,,"['water', 'outdoor', 'sky', 'city', 'river', 'skyscraper', 'landscape', 'cityscape', 'tower', 'night', 'lake', 'light', 'distance']","['palace', 'castle']","['Water', 'Sky', 'Building', 'Atmosphere', 'World', 'Lightning', 'Dusk', 'Tower block', 'Skyscraper', 'Thunder']",['Building']
https://live.staticflickr.com/65535/51101984686_aa2b33196e_c.jpg,,"['indoor', 'text']",['bonnet'],"['Headgear', 'Sculpture', 'Creative arts', 'Art', 'Personal protective equipment', 'Metal', 'Reptile', 'Fashion accessory', 'Working animal', 'Costume hat']",['Hat']
https://live.staticflickr.com/65535/51106653910_254d509751_o.jpg,,"['sky', 'beach', 'outdoor', 'water', 'cloud', 'ocean', 'landscape', 'sea', 'sunset', 'sandy']","['pier', 'seashore']","['Water', 'Sky', 'Ecoregion', 'Afterglow', 'Cloud', 'Astronomical object', 'Dusk', 'Natural landscape', 'Sunrise', 'Sunset']",[]
https://live.staticflickr.com/65535/51077916808_a31a3a2a00_o.jpg,,"['car', 'text', 'outdoor', 'vehicle', 'transport', 'land vehicle', 'automotive']","['beach wagon', 'sports car', 'convertible']","['Tire', 'Automotive parking light', 'Wheel', 'Car', 'Vehicle', 'Land vehicle', 'Vehicle registration plate', 'Hood', 'Automotive tire', 'Automotive lighting']","['Wheel', 'Car']"
https://live.staticflickr.com/65535/51108834836_c8881478c3_o.jpg,,"['wall', 'abstract', 'dirty']","['broom', 'pole']","['Wood', 'Art', 'Floor', 'Flooring', 'Sculpture', 'Hardwood', 'Plywood', 'Glass', 'Ceiling', 'Composite material']",[]
https://live.staticflickr.com/65535/50641802362_64dc214f79_c.jpg,,"['tree', 'outdoor', 'sky', 'playground', 'cloud', 'temple', 'orange', 'house', 'building']",['bell cote'],"['Cloud', 'Sky', 'Plant', 'Tree', 'Temple', 'Leisure', 'Real estate', 'Facade', 'Landscape', 'Roof']",[]
https://live.staticflickr.com/65535/51106912277_47ef3d423b_c.jpg,,"['outdoor', 'sky', 'person', 'tent', 'outdoor object', 'clothing', 'playground', 'man', 'art', 'orange', 'sandy']","['mountain tent', 'parachute', 'balloon']","['Sky', 'Asphalt', 'Art', 'Automotive tire', 'Tints and shades', 'Automotive wheel system', 'Shade', 'Leisure', 'Recreation', 'Landscape']","['Person', 'Pants', 'Scarf']"
https://live.staticflickr.com/65535/51082128357_d323a97561_o.jpg,,"['fence', 'outdoor', 'grass', 'fog', 'tree', 'metal', 'climbing frame', 'outdoor object', 'jungle gym', 'playground', 'lush']",['bannister'],"['Sky', 'Plant', 'Ecoregion', 'Slope', 'People in nature', 'Natural landscape', 'Grass', 'Leisure', 'Landscape', 'Grassland']",['Person']
https://live.staticflickr.com/65535/51107801027_07433d7ecd_c.jpg,,"['tree', 'outdoor', 'building', 'sky', 'castle', 'city', 'tower', 'clock', 'house', 'town', 'crowd']",['monastery'],"['Sky', 'Daytime', 'Building', 'Window', 'Biome', 'Tree', 'Neighbourhood', 'Public space', 'City', 'Facade']","['Building', 'Lighting']"
https://live.staticflickr.com/65535/51032135142_806db20bb9_o.jpg,,"['indoor', 'fashion accessory', 'human face', 'dress', 'clothing', 'person', 'woman', 'crown', 'costume design', 'doll']","['stole', 'hoopskirt']","['Face', 'White', 'Fashion', 'Textile', 'Sleeve', 'Dress', 'Flash photography', 'Pink', 'Embellishment', 'Fashion design']","['Person', 'Hat', 'Handbag']"
https://live.staticflickr.com/65535/49992103903_20174f597c_c.jpg,,"['outdoor', 'tree', 'grass', 'smile', 'person', 'clothing', 'human face', 'woman', 'coat', 'fashion accessory', 'jacket', 'dress', 'skirt']",['suit'],"['Face', 'Hair', 'Hairstyle', 'Smile', 'Shoulder', 'Plant', 'Coat', 'Flash photography', 'Sleeve', 'Happy']","['Pants', 'Outerwear', 'Person', 'Coat']"
